slug,name,kind,family,lat,lon,coord_source,register_ids,operator,operator_payee_keys,capital_pattern,capital_exclude,contract_pattern,contract_exclude,wikidata,commons_file,evidence
vancouver-art-gallery,Vancouver Art Gallery,Art gallery,culture,49.2829,-123.12,wikidata:Q371960,,Vancouver Art Gallery Association,vancouver-art-gallery,vancouver art gallery,,(vancouver|van) art gallery,,Q371960,Vancouver Art Gallery.jpg,"The Gallery occupies the former provincial courthouse; the City funds its operations every year and pays for the building's upkeep (waterproofing, cooling, elevator contracts). SOFI grants to “Vancouver Art Gallery” 2011–2025 (key vancouver-art-gallery)."
orpheum-theatre,Orpheum,Concert hall,culture,49.279881,-123.12051,register:orpheum-theatre,orpheum-theatre;orpheum-annex,Vancouver Civic Theatres (City of Vancouver),,orpheum,,orpheum,,Q7103961,Orpheum Theatre Vancouver 02.JPG,"Cultural spaces register: Orpheum Theatre, ownership City of Vancouver."
queen-elizabeth-theatre,Queen Elizabeth Theatre,Theatre,culture,49.28046,-123.113401,register:queen-elizabeth-theatre,queen-elizabeth-theatre;x-ex-n-xwtl-a7shn-at-queen-elizabeth-theatre,Vancouver Civic Theatres (City of Vancouver),,queen elizabeth ?theatre,,queen elizabeth ?theatre|qet,,Q7270389,Queen Elizabeth Theatre.JPG,"Cultural spaces register: Queen Elizabeth Theatre, ownership City of Vancouver."
vancouver-playhouse-theatre,Vancouver Playhouse,Theatre,culture,49.2808,-123.112328,register:vancouver-playhouse-theatre,vancouver-playhouse-theatre,Vancouver Civic Theatres (City of Vancouver),,playhouse,,playhouse,,Q7914233,,"Cultural spaces register: Vancouver Playhouse Theatre, ownership City of Vancouver."
museum-of-vancouver,Museum of Vancouver,Museum,culture,49.276365,-123.144897,register:museum-of-vancouver,museum-of-vancouver,Vancouver Museum Society,museum-of-vancouver;vancouver-museum-society;vancouver-museum-commission,museum of vancouver,,museum of vancouver,,Q1478298,Museum of Vancouver back.jpg,"Cultural spaces register: Museum of Vancouver, ownership City of Vancouver. SOFI grants to “Museum of Vancouver” 2017–2025 (key museum-of-vancouver). SOFI grants to “Vancouver Museum Society” 2012–2016 (key vancouver-museum-society). SOFI grants to “Vancouver Museum Commission” 2011–2011 (key vancouver-museum-commission)."
h-r-macmillan-space-centre,H.R. MacMillan Space Centre,Planetarium,culture,49.276361,-123.144299,register:h-r-macmillan-space-centre,h-r-macmillan-space-centre;h-r-macmillan-space-centre-and-observatory-museum-of-vancouver;gms-observatory,H.R. MacMillan Space Centre Society,h-r-macmillan-space-centre-society,,,space centre|planetarium,,Q4244994,Vancouver Museum and H.R. Macmillan Space Center.jpg,"Cultural spaces register: H.R. Macmillan Space Centre, ownership City of Vancouver. SOFI grants to “H. R. MacMillan Space Centre Society” 2011–2025 (key h-r-macmillan-space-centre-society)."
vancouver-maritime-museum,Vancouver Maritime Museum,Museum,culture,49.277465,-123.147587,register:vancouver-maritime-museum,vancouver-maritime-museum,Vancouver Maritime Museum Society,vancouver-maritime-museum,maritime museum,,maritime museum,,Q1139295,Maritime museum st roch.jpg,"Cultural spaces register: Vancouver Maritime Museum, ownership City of Vancouver. SOFI grants to “Vancouver Maritime Museum” 2011–2025 (key vancouver-maritime-museum)."
science-world,Science World,Science centre,culture,49.2733,-123.104,wikidata:Q1391769,,ASTC Science World Society,astc-science-world-society;a-s-t-c-science-world-society,science world,,science world,fast chargers?,Q1391769,"Science World, Vancouver, south view 20240901 3.jpg","The Expo 86 dome run by the ASTC Science World Society, which the City funds with annual grants. SOFI grants to “ASTC Science World Society” 2017–2025 (key astc-science-world-society). SOFI grants to “A. S. T. C. Science World Society” 2011–2016 (key a-s-t-c-science-world-society)."
dr-sun-yat-sen-classical-chinese-garden,Dr. Sun Yat-Sen Classical Chinese Garden,Garden,culture,49.279983,-123.104168,register:dr-sun-yat-sen-classical-chinese-garden,dr-sun-yat-sen-classical-chinese-garden;sun-yat-sen-gardens-park,Dr. Sun Yat-Sen Garden Society,dr-sun-yat-sen-garden-society,sun yat ?sen,,sun yat ?sen,,Q741730,"Pond - Dr. Sun Yat-Sen Classical Chinese Garden - Vancouver, Canada - DSC09802.JPG","Cultural spaces register: Dr. Sun Yat-Sen Classical Chinese Garden, ownership City of Vancouver. SOFI grants to “Dr. Sun Yat Sen Garden Society” 2012–2025 (key dr-sun-yat-sen-garden-society)."
firehall-arts-centre,Firehall Arts Centre,Theatre,culture,49.282083,-123.097921,register:firehall-arts-centre,firehall-arts-centre,Firehall Theatre Society,firehall-theatre-society,firehall arts|firehall theatre,,firehall arts|firehall theatre,,Q5451857,Firehall Arts Centre.jpg,"Cultural spaces register: Firehall Arts Centre, ownership City of Vancouver. SOFI grants to “Firehall Theatre Society” 2011–2025 (key firehall-theatre-society)."
the-cultch,The Cultch,Theatre,culture,49.276674,-123.065797,register:cultch,cultch;vancouver-east-cultural-centre-historic-theatre;vancouver-east-cultural-centre-vancity-culture-lab;york-theatre,Vancouver East Cultural Centre,vancouver-east-cultural-centre,cultch|east cultural centre|york theatre,,cultch|east cultural centre|york theatre,,Q109742483,,"Cultural spaces register: The Cultch, ownership City of Vancouver. SOFI grants to “Vancouver East Cultural Centre” 2011–2025 (key vancouver-east-cultural-centre). The society runs the Historic Theatre and, since 2013, the York Theatre; both are City buildings and both are in this landmark."
vancouver-police-museum,Vancouver Police Museum,Museum,culture,49.282247,-123.0988,register:vancouver-police-museum,vancouver-police-museum,Vancouver Police Historical Society,vancouver-police-hist-l-soc-and-centen-l-museum;vancouver-police-historical-society;vancouver-police-historical,,,police museum,,Q2510009,Coroner's Court.jpg,"Cultural spaces register: Vancouver Police Museum, ownership City of Vancouver. SOFI grants to “Vancouver Police Hist’l. Soc. & Centen’l. Museum” 2020–2020 (key vancouver-police-hist-l-soc-and-centen-l-museum). SOFI grants to “Vancouver Police Historical Society” 2021–2021 (key vancouver-police-historical-society). SOFI grants to “Vancouver Police Historical” 2023–2023 (key vancouver-police-historical)."
chinese-canadian-museum,Chinese Canadian Museum,Museum,culture,49.280711,-123.103096,wikidata:Q140467819,,Chinese Canadian Museum Society,chinese-canadian-museum-society,,,,,Q140467819,"Wing Sang Building, 29 May 2024.jpg","The museum in the Wing Sang Building, funded by City grants 2020–2025. SOFI grants to “Chinese Canadian Museum Society” 2020–2025 (key chinese-canadian-museum-society)."
central-library,Central Library,Library,culture,49.2797,-123.1156,register:vancouver-public-library-central-branch,vancouver-public-library-central-branch;vancouver-public-library,Vancouver Public Library Board,,central (children s )?library|library square|library sq|children s library,,central (children s )?library|library square|library sq|children s library,,Q1376408,Vancouver Public Central Library (37319131610).jpg,Libraries register: Vancouver Public Library — Central Branch.
joy-kogawa-house,Historic Joy Kogawa House,Heritage house,culture,49.212861,-123.138469,register:joy-kogawa-house,joy-kogawa-house,Historic Joy Kogawa House Society,historic-joy-kogawa-house-society,kogawa,,kogawa,,,,"Cultural spaces register: Joy Kogawa House, ownership City of Vancouver. SOFI grants to “Historic Joy Kogawa House Society” 2018–2024 (key historic-joy-kogawa-house-society)."
roedde-house,Roedde House Museum,House museum,culture,49.286863,-123.132187,register:roedde-house,roedde-house,Roedde House Preservation Society,roedde-house-preservation-society,,,roedde,,Q18167820,Roedde House 01.jpg,"Cultural spaces register: Roedde House, ownership City of Vancouver. SOFI grants to “Roedde House Preservation Society” 2012–2024 (key roedde-house-preservation-society)."
hastings-mill-store-museum,Hastings Mill Store Museum,Museum,culture,49.272817,-123.185988,register:hastings-mill-store-museum,hastings-mill-store-museum,Old Hastings Mill Store Museum Society,old-hastings-mill-store-museum,,,hastings mill store,,,Hastings Mill Store.JPG,"Cultural spaces register: Hastings Mill Store Museum, ownership City of Vancouver. SOFI grants to “Old Hastings Mill Store Museum” 2020–2022 (key old-hastings-mill-store-museum)."
heritage-hall,Heritage Hall,Heritage hall,culture,49.257332,-123.100944,register:heritage-hall,heritage-hall,,,heritage hall,,heritage hall,,Q60785625,Heritage Hall.JPG,"Cultural spaces register: Heritage Hall, ownership City of Vancouver."
vancouver-academy-of-music,Vancouver Academy of Music,Music school,culture,49.274884,-123.144548,register:vancouver-academy-of-music,vancouver-academy-of-music,Vancouver Academy of Music,vancouver-academy-of-music,,,academy of music,,Q7914115,Vancouver Academy of Music.jpg,"Cultural spaces register: Vancouver Academy of Music, ownership City of Vancouver. SOFI grants to “Vancouver Academy Of Music” 2011–2023 (key vancouver-academy-of-music)."
stanley-park,Stanley Park,Park,parks,49.302132,-123.142637,register:stanley-park,stanley-park,Vancouver Board of Parks and Recreation,,stanley park|brockton,,stanley park|brockton,brewery,Q1126258,Totem poles in Vancouver Stanley Park (29785578537).jpg,Parks register (Park Board): Stanley Park.
queen-elizabeth-park,Queen Elizabeth Park,Park,parks,49.240858,-123.111781,register:queen-elizabeth-park,queen-elizabeth-park;queen-elizabeth-park-artist-residence,Vancouver Board of Parks and Recreation,,queen elizabeth (park|master plan),,queen elizabeth park,,Q1479020,"Main Quarry Garden - Queen Elizabeth Park - Vancouver, Canada - DSC07470.JPG",Parks register (Park Board): Queen Elizabeth Park.
bloedel-conservatory,Bloedel Conservatory,Conservatory,parks,49.242077,-123.113759,register:bloedel-conservatory,bloedel-conservatory,Vancouver Board of Parks and Recreation,,bloedel,,bloedel,,Q4927320,Dome Town (38584623636).jpg,"Cultural spaces register: Bloedel Conservatory, ownership Vancouver Park Board/COV."
vandusen-botanical-garden,VanDusen Botanical Garden,Botanical garden,parks,49.239407,-123.132447,register:vandusen-botanical-garden,vandusen-botanical-garden;van-dusen-botanical-garden,"Vancouver Board of Parks and Recreation, with the VanDusen Botanical Garden Association",,van ?dusen,,van ?dusen,,Q1119013,VanDusen Botanical Garden 1.jpg,Parks register (Park Board): Vandusen Botanical Garden.
english-bay-beach,English Bay Beach,Beach,parks,49.283551,-123.14151,register:english-bay-beach-park,english-bay-beach-park,Vancouver Board of Parks and Recreation,,english bay,,english bay,,,"Vancouver (BC, Canada), English Bay Beach -- 2022 -- 1941.jpg",Parks register (Park Board): English Bay Beach Park.
kitsilano-beach-and-pool,Kitsilano Beach and Pool,Beach and pool,parks,49.27454,-123.154717,register:kitsilano-beach-park,kitsilano-beach-park;kitsilano-showboat,Vancouver Board of Parks and Recreation,,kitsilano (beach|pool|outdoor pool)|kits (beach|pool|outdoor pool),,kitsilano (beach|pool|outdoor pool)|kits (beach|pool|outdoor pool),,Q6418340,Vancouver from Kitsilano Beach.jpg,Parks register (Park Board): Kitsilano Beach Park.
jericho-beach,Jericho Beach and Pier,Beach and pier,parks,49.271798,-123.197672,register:jericho-beach-park,jericho-beach-park;jericho-beach,Vancouver Board of Parks and Recreation,,jericho (pier|beach),,jericho (pier|beach),,Q3506816,Jericho Beach.JPG,Parks register (Park Board): Jericho Beach Park.
sunset-beach,Sunset Beach,Beach,parks,49.277685,-123.136583,register:sunset-beach-park,sunset-beach-park,Vancouver Board of Parks and Recreation,,sunset beach,,sunset beach,,Q7641231,"Sunset Beach and Burrard Street Bridge, Vancouver 20240830 2.jpg",Parks register (Park Board): Sunset Beach Park.
trout-lake,Trout Lake (John Hendry Park),Park and lake,parks,49.255712,-123.062043,register:john-hendry-trout-lake-park,john-hendry-trout-lake-park;john-hendry-park-trout-lake,Vancouver Board of Parks and Recreation,,trout lake|john hendry,,trout lake|john hendry,,Q6238659,Paddling - John Hendry Park (3822374662).jpg,Parks register (Park Board): John Hendry (Trout Lake) Park.
hastings-park,Hastings Park and the PNE,Park and fairgrounds,parks,49.285208,-123.040133,wikidata:Q5680423,empire-fields-hastings-park;hastings-park-italian-garden;hastings-park-sanctuary;pne-amphitheatre;pne-forum;pne-garden-auditorium,Pacific National Exhibition (a City-owned company),,hastings park|pne|pacific national exh?ib?ition|hp pne|empire fields|agrodome,coliseum,hastings park|pne|pacific national exh?ib?ition|hp pne|empire fields|agrodome,coliseum,Q5680423,Hastings Park Entrance.jpg,"Parks register (Park Board): Empire Fields - Hastings Park. City-owned park and fairgrounds, run by the Pacific National Exhibition, a City-owned company; the Pacific Coliseum is its own landmark."
pacific-coliseum,Pacific Coliseum,Arena,community,49.285856,-123.042747,register:pne-pacific-coliseum,pne-pacific-coliseum,Pacific National Exhibition (a City-owned company),,coliseum,,coliseum,,Q832644,Vancouver Pacific Coliseum.jpg,"Cultural spaces register: PNE Pacific Coliseum, ownership City of Vancouver."
vanier-park,Vanier Park,Park,parks,49.276166,-123.143248,register:park-vanier-park,park-vanier-park;cultural-space-vanier-park;vanier-park-bard-on-the-beach-shakespeare-festival;vanier-park-cultural-harmony-grove,Vancouver Board of Parks and Recreation,,vanier park,archives,vanier park,,Q7914902,Vanier-Park.jpg,Parks register (Park Board): Vanier Park.
emery-barnes-park,Emery Barnes Park,Park,parks,49.276644,-123.124094,register:emery-barnes-park,emery-barnes-park,Vancouver Board of Parks and Recreation,,emery barnes,,emery barnes,,,Emery Barnes Park (33512425290).jpg,Parks register (Park Board): Emery Barnes Park.
riley-park,Riley Park,Park,parks,49.242293,-123.104265,register:riley-park,riley-park,Vancouver Board of Parks and Recreation,,riley park,,riley park,,,,Parks register (Park Board): Riley Park.
oppenheimer-park,Oppenheimer Park,Park,parks,49.28264,-123.094347,register:park-oppenheimer-park,park-oppenheimer-park;cultural-space-oppenheimer-park;oppenheimer-park-powell-street-festival,Vancouver Board of Parks and Recreation,,oppenheimer park,,oppenheimer park,,Q7098551,Oppenheimer Park (5674465960).jpg,Parks register (Park Board): Oppenheimer Park.
general-brock-park,General Brock Park,Park,parks,49.244728,-123.058552,register:general-brock-park,general-brock-park,Vancouver Board of Parks and Recreation,,general brock,,general brock,,,,Parks register (Park Board): General Brock Park.
britannia-community-centre,Britannia Community Centre,Community centre,community,49.2756,-123.0738,register:britannia-community-centre,britannia-community-centre;britannia-community-services-centre-society,Britannia Community Services Centre Society,britannia-community-centre-society;britannia-community-services-centre;britannia-community-services-centre-childcare-program;britannia-community-centre-society-britannia-out-of-school-care;britannia-community-services-centre-britannia-out-of-school-care,britannia,,britannia,,,,Community centres register: Britannia Community Centre. SOFI grants to “Britannia Community Centre Society” 2011–2025 (key britannia-community-centre-society). SOFI grants to “Britannia Community Services Centre” 2011–2025 (key britannia-community-services-centre). SOFI grants to “Britannia Community Services Centre Childcare Program” 2011–2016 (key britannia-community-services-centre-childcare-program). SOFI grants to “Britannia Community Centre Society Britannia Out of School Care” 2018–2021 (key britannia-community-centre-society-britannia-out-of-school-care). SOFI grants to “Britannia Community Services Centre Britannia Out of School Care” 2017–2019 (key britannia-community-services-centre-britannia-out-of-school-care).
roundhouse-community-centre,Roundhouse Community Arts & Recreation Centre,Community centre,community,49.2733,-123.1217,register:community-centre-roundhouse-community-centre,community-centre-roundhouse-community-centre;cultural-space-roundhouse-community-centre;roundhouse-community-centre-theatre,Roundhouse Community Centre Association,roundhouse-community-centre-association;roundhouse-community-centre,roundhouse,,roundhouse,,,Vancouver Roundhouse Community Arts and Recreation Centre.jpg,Community centres register: Roundhouse Community Centre. SOFI grants to “Roundhouse Community Centre Association” 2011–2025 (key roundhouse-community-centre-association). SOFI grants to “Roundhouse Community Centre” 2018–2020 (key roundhouse-community-centre).
marpole-oakridge-community-centre,Marpole-Oakridge Community Centre,Community centre,community,49.2145,-123.1275,register:community-centre-marpole-oakridge-community-centre,community-centre-marpole-oakridge-community-centre;cultural-space-marpole-oakridge-community-centre,Vancouver Board of Parks and Recreation,,marpole ?oakridge community cent(re|er)|marpole community cent(re|er),,marpole ?oakd?ridge (cc|community cent(re|er))|marpole community cent(re|er),,,,Community centres register: Marpole-Oakridge Community Centre.
strathcona-community-centre,Strathcona Community Centre,Community centre,community,49.2798,-123.0915,register:community-centre-strathcona-community-centre,community-centre-strathcona-community-centre;cultural-space-strathcona-community-centre,Strathcona Community Centre Association,strathcona-community-centre-association;strathcona-community-centre-association-after-school-adventures;strathcona-community-centre-association-out-of-school-care;strathcona-community-centre-association-covid-recovery;strathcona-comm-ctre-out-of-school-childcare;strathcona-comm-ctr-out-of-sch-childcare;strathcona-comm-ctr-out-of-school-chldcare,,,strathcona (cc|community cent(re|er)),,,,Community centres register: Strathcona Community Centre. SOFI grants to “Strathcona Community Centre Association” 2013–2025 (key strathcona-community-centre-association). SOFI grants to “Strathcona Community Centre Association After School Adventures” 2015–2019 (key strathcona-community-centre-association-after-school-adventures). SOFI grants to “Strathcona Community Centre Association Out of School Care” 2021–2021 (key strathcona-community-centre-association-out-of-school-care). SOFI grants to “Strathcona Community Centre Association COVID Recovery” 2020–2020 (key strathcona-community-centre-association-covid-recovery). SOFI grants to “Strathcona Comm. Ctre - Out of School Childcare” 2011–2012 (key strathcona-comm-ctre-out-of-school-childcare). SOFI grants to “Strathcona Comm. Ctr - Out of Sch. Childcare” 2011–2012 (key strathcona-comm-ctr-out-of-sch-childcare). SOFI grants to “Strathcona Comm Ctr – Out of School Chldcare” 2011–2011 (key strathcona-comm-ctr-out-of-school-chldcare).
ray-cam-co-operative-centre,Ray-Cam Co-operative Centre,Community centre,community,49.2807,-123.0841,register:community-centre-ray-cam-co-operative-center,community-centre-ray-cam-co-operative-center;cultural-space-ray-cam-co-operative-center,Ray-Cam Co-operative Association,ray-cam-community-association;ray-cam-co-op-association;ray-cam-co-operative-association;raycam-daycare-centre,ray ?cam,,ray ?cam,,,,Community centres register: Ray-Cam Co-Operative Center. SOFI grants to “Ray-Cam Community Association” 2015–2024 (key ray-cam-community-association). SOFI grants to “Ray-Cam Co-Op Association” 2011–2014 (key ray-cam-co-op-association). SOFI grants to “Ray-Cam Co-Operative Association” 2015–2025 (key ray-cam-co-operative-association). SOFI grants to “Raycam Daycare Centre” 2011–2013 (key raycam-daycare-centre).
west-end-community-centre,West End Community Centre,Community centre,community,49.2899,-123.1361,register:community-centre-west-end-community-centre,community-centre-west-end-community-centre;cultural-space-west-end-community-centre,West End Community Centre Association,west-end-community-centre;west-end-community-centre-association;west-end-community-centre-assn,west end community cent(re|er),,west end (cc|community cent(re|er)|arena|ice rink|rink),,,,Community centres register: West End Community Centre. SOFI grants to “West End Community Centre” 2024–2025 (key west-end-community-centre). SOFI grants to “West End Community Centre Association” 2013–2022 (key west-end-community-centre-association). SOFI grants to “West End Community Centre Assn” 2011–2023 (key west-end-community-centre-assn).
kitsilano-community-centre,Kitsilano War Memorial Community Centre,Community centre and rink,community,49.2621,-123.1601,register:community-centre-kitsilano-war-memorial-community-centre,community-centre-kitsilano-war-memorial-community-centre;cultural-space-kitsilano-war-memorial-community-centre,Vancouver Board of Parks and Recreation,,kitsilano (kerrisdale )?(arena|rink|ice rink|community cent(re|er)|war memorial),,kitsilano (kerrisdale )?(arena|rink|ice rink|community cent(re|er)|war memorial),,,,Community centres register: Kitsilano War Memorial Community Centre.
kerrisdale-community-centre,Kerrisdale Community Centre,Community centre and arena,community,49.2332,-123.1571,register:community-centre-kerrisdale-community-centre,community-centre-kerrisdale-community-centre;cultural-space-kerrisdale-community-centre,Vancouver Board of Parks and Recreation,,kerrisdale (cc|community cent(re|er)|arena|pool),,kerrisdale (cc|community cent(re|er)|arena|pool),,,Kerrisdale Community Centre 2026.JPG,Community centres register: Kerrisdale Community Centre.
killarney-community-centre,Killarney Community Centre,Community centre,community,49.2274,-123.0444,register:community-centre-killarney-community-centre,community-centre-killarney-community-centre;cultural-space-killarney-community-centre,Vancouver Board of Parks and Recreation,,killarney (west end )?arena|killarney (cc|community cent(re|er)|senior s cent(re|er)|seniors? cent(re|er)),,killarney (west end )?arena|killarney (cc|community cent(re|er)|senior s cent(re|er)|seniors? cent(re|er)),,,"Killarney Community Centre, 7 April 2007.jpg",Community centres register: Killarney Community Centre.
hillcrest-centre,Hillcrest Centre,Community centre and pool,community,49.2438,-123.1079,register:hillcrest-community-centre,hillcrest-community-centre;hillcrest-centre;hillcrest-park,Vancouver Board of Parks and Recreation,,hillcrest,,hillcrest,kitsilano,Q2010103,Vancouver Olympic Centre (2).jpg,Community centres register: Hillcrest Community Centre.
sunset-community-centre,Sunset Community Centre,Community centre,community,49.2229,-123.1006,register:community-centre-sunset-community-centre,community-centre-sunset-community-centre;cultural-space-sunset-community-centre,Sunset Community Association,sunset-community-association,sunset (cc|community cent(re|er)|senior s cent(re|er)|seniors? cent(re|er)|arena),,sunset (cc|community cent(re|er)|senior s cent(re|er)|seniors? cent(re|er)|arena),,,,Community centres register: Sunset Community Centre. SOFI grants to “Sunset Community Association” 2011–2025 (key sunset-community-association).
vancouver-aquatic-centre,Vancouver Aquatic Centre,Pool,community,49.2769,-123.1351,wikidata:Q130413865,,Vancouver Board of Parks and Recreation,,(vancouver )?aquatic cent(re|er),britannia,(vancouver )?aquatic cent(re|er),britannia,Q130413865,,Park Board pool on Beach Avenue; the 2023–2026 capital budgets approve its renewal and expansion.
mount-pleasant-community-centre,Mount Pleasant Community Centre,Community centre,community,49.2643,-123.1002,register:community-centre-mount-pleasant-community-centre,community-centre-mount-pleasant-community-centre;cultural-space-mount-pleasant-community-centre,Mount Pleasant Community Centre Association,mount-pleasant-community-centre;mt-pleasant-community-centre-association;mt-pleasant-community-centre;mount-pleasant-comm-ctr-association;mount-pleasant-community-centre-association,mount pleasant (cc|community cent(re|er)),,mount pleasant (cc|community cent(re|er)),,,,Community centres register: Mount Pleasant Community Centre. SOFI grants to “Mount Pleasant Community Centre” 2014–2020 (key mount-pleasant-community-centre). SOFI grants to “Mt. Pleasant Community Centre/Association” 2015–2016 (key mt-pleasant-community-centre-association). SOFI grants to “Mt. Pleasant Community Centre” 2019–2021 (key mt-pleasant-community-centre). SOFI grants to “Mount Pleasant Comm. Ctr/Association” 2011–2012 (key mount-pleasant-comm-ctr-association). SOFI grants to “Mount Pleasant Community Centre/Association” 2025–2025 (key mount-pleasant-community-centre-association).
champlain-heights-community-centre,Champlain Heights Community Centre,Community centre,community,49.2144,-123.0321,register:community-centre-champlain-heights-community-centre,community-centre-champlain-heights-community-centre;cultural-space-champlain-heights-community-centre,Vancouver Board of Parks and Recreation,,champlain (heights )?(cc|community cent(re|er)),,champlain (heights )?(cc|community cent(re|er)),,,,Community centres register: Champlain Heights Community Centre.
douglas-park-community-centre,Douglas Park Community Centre,Community centre,community,49.2529,-123.1213,register:community-centre-douglas-park-community-centre,community-centre-douglas-park-community-centre;cultural-space-douglas-park-community-centre,Vancouver Board of Parks and Recreation,,douglas park (cc|community cent(re|er)),,douglas park (cc|community cent(re|er)),,,,Community centres register: Douglas Park Community Centre.
dunbar-community-centre,Dunbar Community Centre,Community centre,community,49.2428,-123.1883,register:community-centre-dunbar-community-centre,community-centre-dunbar-community-centre;cultural-space-dunbar-community-centre,Dunbar Community Centre Association,dunbar-community-centre-association,dunbar (cc|community cent(re|er)),,dunbar (cc|community cent(re|er)),,,,Community centres register: Dunbar Community Centre. SOFI grants to “Dunbar Community Centre Association” 2018–2024 (key dunbar-community-centre-association).
hastings-community-centre,Hastings Community Centre,Community centre,community,49.2809,-123.0393,register:community-centre-hastings-community-centre,community-centre-hastings-community-centre;cultural-space-hastings-community-centre,Hastings Community Association,hastings-community-association;hastings-community-association-community-events,hastings (cc|community cent(re|er)),,hastings (cc|community cent(re|er)),,,,Community centres register: Hastings Community Centre. SOFI grants to “Hastings Community Association” 2011–2025 (key hastings-community-association). SOFI grants to “Hastings Community Association Community Events” 2011–2014 (key hastings-community-association-community-events).
west-point-grey-community-centre,West Point Grey Community Centre (Aberthau),Community centre,community,49.2718,-123.2045,register:west-point-grey-community-centre,west-point-grey-community-centre;aberthau-mansion-west-point-grey-community-centre,West Point Grey Community Association,west-point-grey-community-association,west point grey (cc|community cent(re|er))|aberthau,,west point grey (cc|community cent(re|er))|aberthau,,,Aberthau Mansion Front view.jpg,Community centres register: West Point Grey Community Centre. SOFI grants to “West Point Grey Community Association” 2017–2019 (key west-point-grey-community-association).
false-creek-community-centre,False Creek Community Centre,Community centre,community,49.2694,-123.134,register:community-centre-false-creek-community-centre,community-centre-false-creek-community-centre;cultural-space-false-creek-community-centre,False Creek Community Association,false-creek-community-association,false creek (cc|community cent(re|er)),,false creek (cc|community cent(re|er)),,,,Community centres register: False Creek Community Centre. SOFI grants to “False Creek Community Association” 2012–2023 (key false-creek-community-association).
coal-harbour-community-centre,Coal Harbour Community Centre,Community centre,community,49.2902,-123.1259,register:community-centre-coal-harbour-community-centre,community-centre-coal-harbour-community-centre;cultural-space-coal-harbour-community-centre,Vancouver Board of Parks and Recreation,,coal harbour (cc|community cent(re|er)),,coal harbour (cc|community cent(re|er)),,,"Coal Harbour Community Centre, Vancouver (2012).JPG",Community centres register: Coal Harbour Community Centre.
thunderbird-community-centre,Thunderbird Community Centre,Community centre,community,49.2636,-123.0321,register:thunderbird-community-centre,thunderbird-community-centre,Vancouver Board of Parks and Recreation,,thunderbird (cc|community cent(re|er)),,thunderbird (cc|community cent(re|er)),,,,Community centres register: Thunderbird Community Centre.
carnegie-centre,Carnegie Centre,Community centre,community,49.2811,-123.1001,register:carnegie-centre,carnegie-centre;carnegie-centre-theatre,"City of Vancouver, with the Carnegie Community Centre Association",carnegie-community-centre;carnegie-community-centre-association;carnegie-community-ctr-association,carnegie,,carnegie,,Q5043884,CarnegieCtr.jpg,Community centres register: Carnegie Centre. SOFI grants to “Carnegie Community Centre” 2016–2025 (key carnegie-community-centre). SOFI grants to “Carnegie Community Centre Association” 2013–2022 (key carnegie-community-centre-association). SOFI grants to “Carnegie Community Ctr Association” 2011–2012 (key carnegie-community-ctr-association).
evelyne-saller-centre,Evelyne Saller Centre,Community centre,community,49.2839,-123.0971,register:evelyne-saller-centre,evelyne-saller-centre,City of Vancouver,,evelyne saller,,evelyne saller,,,,Community centres register: Evelyne Saller Centre.
gathering-place-community-centre,Gathering Place Community Centre,Community centre,community,49.278,-123.1235,register:gathering-place-community-centre,gathering-place-community-centre,City of Vancouver,,gathering place,gathering places,gathering place,gathering places,,,Community centres register: Gathering Place Community Centre.
vancouver-city-hall,Vancouver City Hall,City hall,civic,49.2609,-123.114,wikidata:Q820763,,City of Vancouver,,city hall,,city hall,revenue services,Q820763,Vancouver City Hall (5594972510).jpg,The City's own head office at 453 West 12th Avenue.
burrard-bridge,Burrard Bridge,Bridge,civic,49.2755,-123.137,wikidata:Q919808,,City of Vancouver,,burrard (street )?bridge,,burrard (street )?bridge,,Q919808,Burrard Street Bridge as gateway.jpg,City-owned bridge (1932) over False Creek.
granville-bridge,Granville Bridge,Bridge,civic,49.2726,-123.133,wikidata:Q1543294,,City of Vancouver,,granville (street )?bridge,,granville (street )?bridge,,Q1543294,"Granville Bridge, Vancouver.jpg",City-owned bridge (1954) over False Creek.
cambie-bridge,Cambie Bridge,Bridge,civic,49.272,-123.115,wikidata:Q278084,,City of Vancouver,,cambie (street )?bridge,,cambie (street )?bridge,,Q278084,Cambie Street Bridge under.jpg,City-owned bridge (1985) over False Creek.
vancouver-seawall,The Seawall,Seawall,civic,49.2687,-123.1189,"manual: the South False Creek seawall at Leg-in-Boot Square, snapped to the City's 2002 shoreline; the largest seawall contract (PS20170553) rebuilt this stretch",,City of Vancouver and the Park Board,,seawall,,seawall,,Q2849509,Stanley Seawall.jpg,"The City and Park Board seawall around False Creek, English Bay and Stanley Park; the seawall inside Stanley Park and Vanier Park counts at those parks."
mountain-view-cemetery,Mountain View Cemetery,Cemetery,civic,49.2355,-123.093,wikidata:Q6925333,,City of Vancouver,,mountain view cemetery,,mountain view cemetery,,Q6925333,Mountainview cemetery north view.jpg,"The City's cemetery, run by the City since 1886."
chinatown-memorial-square,Chinatown Memorial Square,Square,civic,49.279274,-123.102216,streets: where the Keefer Street and Columbia Street centrelines cross (City public streets dataset); the square is at that corner,,City of Vancouver,,chinatown memorial square,,chinatown memorial square,,,41514-Vancouver (37509823431).jpg,"City square at Columbia and Keefer, redesigned in the 2021–2026 capital budgets."
robson-square,Robson Square,Plaza,civic,49.2812,-123.123,wikidata:Q9293120,,City of Vancouver (the 700 block of Robson Street),,robson square,,robson square,,Q9293120,Robson Square Vancouver 01.JPG,"The 700 block of Robson Street at Robson Square, a City street closed to traffic as a plaza."
gastown-water-street,"Water Street, Gastown",Street,civic,49.284384,-123.10889,wikidata:Q107352564,,City of Vancouver,,gastown|water street,parkades?|childcare|[0-9]+ water street,gastown|water street,parkades?|childcare|[0-9]+ water street,Q107352564,Gastown Vancouver Steam Clock Water Street (30853451538).jpg,Water Street and Gastown's other City streets; the point is the Gastown Steam Clock on Water Street.
