department,display_name,reason
Arts Culture Community Service,"Arts, Culture & Community Services","The schedule drops the commas and the plural of the department's name."
"Dev Svcs, Bldg & Licensing","Development, Buildings & Licensing","""Dev Svcs"" and ""Bldg"" are Development Services and Buildings written short."
EEO Program,Equal Employment Opportunity Program,"""EEO"" is Equal Employment Opportunity."
"Finance, Risk & Business Plan","Finance, Risk & Business Planning","""Business Plan"" is Business Planning cut at the column width (2015)."
"Finance, Risk & Supply Chain Mgt","Finance, Risk & Supply Chain Management","""Mgt"" is Management written short (2016)."
"Finance, Risk&Supply Chain Mgt","Finance, Risk & Supply Chain Management","""Mgt"" is Management written short, the spaces around ""&"" dropped (2017-2023)."
Finance & Supply Chain Mgmt,Finance & Supply Chain Management,"""Mgmt"" is Management written short."
"HR, Digital Strategy & IT","Human Resources, Digital Strategy & Information Technology","""HR"" and ""IT"" are Human Resources and Information Technology."
"IT, Digital Strategy & 311","Information Technology, Digital Strategy & 311","""IT"" is Information Technology; 311 is the City's service line, printed as is."
Office of the AG,Office of the Auditor General,"""AG"" is the City's Auditor General (office listed from 2022)."
Planning & Development Svcs,Planning & Development Services,"""Svcs"" is Services written short."
"Planning, Urban Des & Sustain","Planning, Urban Design & Sustainability","""Des"" and ""Sustain"" are Design and Sustainability cut short."
Real Estate & Facilities Mgmt,Real Estate & Facilities Management,"""Mgmt"" is Management written short."
RealEstate Env & Fac Mgmt,"Real Estate, Environment & Facilities Management","""Env"", ""Fac"" and ""Mgmt"" are Environment, Facilities and Management written short."
VFRS,Vancouver Fire Rescue Services,"""VFRS"" is Vancouver Fire Rescue Services, listed as Fire and Rescue Services until 2016."
VFRS & OEM,Vancouver Fire Rescue Services & Office of Emergency Management,"""VFRS"" is Vancouver Fire Rescue Services and ""OEM"" the Office of Emergency Management."
