fiscal_year,part,wayback_timestamp,original_url,wayback_url,file,bytes,sha256
2011,statement,20150910080503,http://vancouver.ca/files/cov/2011-statement-of-financial-information.pdf,https://web.archive.org/web/20150910080503id_/http://vancouver.ca/files/cov/2011-statement-of-financial-information.pdf,2011-statement.pdf,1756720,555ff62a7da8cd93fe155ffe4f421f835514b9ec5ad8ca35ddad5c9f286bb1b8
2012,statement,20150910080614,http://vancouver.ca/files/cov/2012-statement-of-financial-information.pdf,https://web.archive.org/web/20150910080614id_/http://vancouver.ca/files/cov/2012-statement-of-financial-information.pdf,2012-statement.pdf,1722573,eca2c62f744895a51857f6ccc222f2379f0b53b4135c7a3f12ab8a6aabb2d2ae
2013,statement,20141121124755,http://vancouver.ca/files/cov/2013-statement-of-financial-information.pdf,https://web.archive.org/web/20141121124755id_/http://vancouver.ca/files/cov/2013-statement-of-financial-information.pdf,2013-statement.pdf,1999083,c62759699003da4c77795560097cf52155af81b91e32bc507139a64960f4cdd7
2014,statement,20150910080426,http://vancouver.ca/files/cov/2014-statement-of-financial-information.pdf,https://web.archive.org/web/20150910080426id_/http://vancouver.ca/files/cov/2014-statement-of-financial-information.pdf,2014-statement.pdf,1468157,ff54f3a482fab0b56c2508020272461f6d5d7da8e8e713e91376d6b581ddabb0
2015,statement,20160715044038,http://vancouver.ca/files/cov/2015-statement-of-financial-information.pdf,https://web.archive.org/web/20160715044038id_/http://vancouver.ca/files/cov/2015-statement-of-financial-information.pdf,2015-statement.pdf,1559628,3950e2cdfd62df071f348f37115ea4902036b3431716ad41bb72be782d2bf802
2016,statement,20170421042219,http://vancouver.ca/files/cov/2016-statement-of-financial-information.pdf,https://web.archive.org/web/20170421042219id_/http://vancouver.ca/files/cov/2016-statement-of-financial-information.pdf,2016-statement.pdf,3175310,401b94e25f941f771ee222ef26e820efc0069d21c05e2e38defd055d3b168a54
2017,statement,20180711235916,https://vancouver.ca/files/cov/2017-statement-of-financial-information.pdf,https://web.archive.org/web/20180711235916id_/https://vancouver.ca/files/cov/2017-statement-of-financial-information.pdf,2017-statement.pdf,1773944,e3026d744a1e975f863ed33d3409ab803bca4e374fa5cd3c527e552b368f2ef1
2017,supply-management,20180712034403,https://vancouver.ca/files/cov/2017-statement-of-financial-information-supply-management.pdf,https://web.archive.org/web/20180712034403id_/https://vancouver.ca/files/cov/2017-statement-of-financial-information-supply-management.pdf,2017-supply-management.pdf,1792034,3de7ad43d74d11895f33759bf84e5a6ae2c29382f3be4a318b7209d6b299cde7
2018,statement,20190723011646,https://vancouver.ca/files/cov/city-of-vancouver-statement-of-financial-information-december-31-2018.pdf,https://web.archive.org/web/20190723011646id_/https://vancouver.ca/files/cov/city-of-vancouver-statement-of-financial-information-december-31-2018.pdf,2018-statement.pdf,975494,7e731e21ea2a408a076e3bd0b1a6d40864d952cb57ebe334dc042c3941ea4501
2018,supply-management,20190723074512,https://vancouver.ca/files/cov/2018-statement-of-financial-information-supply-management.pdf,https://web.archive.org/web/20190723074512id_/https://vancouver.ca/files/cov/2018-statement-of-financial-information-supply-management.pdf,2018-supply-management.pdf,959403,6c650d7f118d4cef6012f28551ff49342cdc698b30fc8e70f98a06cb143e3456
2019,statement,20200404015244,https://vancouver.ca/files/cov/statement-financial-information-2019.pdf,https://web.archive.org/web/20200404015244id_/https://vancouver.ca/files/cov/statement-financial-information-2019.pdf,2019-statement.pdf,1386291,eac3a2f1aac755aa39cd80d881db01cc29d7234b32783e8a4eb50a89801f85f2
2020,statement,20210706214130,https://vancouver.ca/files/cov/2020-statement-of-financial-information.pdf,https://web.archive.org/web/20210706214130id_/https://vancouver.ca/files/cov/2020-statement-of-financial-information.pdf,2020-statement.pdf,2724675,65a795fa234dea11e39347324f5225c9adea5fdac35194835ffe963e066004bf
2021,statement,20220705191421,https://vancouver.ca/files/cov/2021-statement-of-financial-information.pdf,https://web.archive.org/web/20220705191421id_/https://vancouver.ca/files/cov/2021-statement-of-financial-information.pdf,2021-statement.pdf,3725348,c59f7462b39b20749fd2272a13e955b08c35e3a41674c279f429992af0d75a0c
2022,statement,20230405164120,https://vancouver.ca/files/cov/2022-statement-of-financial-information.pdf,https://web.archive.org/web/20230405164120id_/https://vancouver.ca/files/cov/2022-statement-of-financial-information.pdf,2022-statement.pdf,4322887,1a139d4e45d444f864766f3936d045647d964dff8d203610bf136434de9194ac
2023,statement,20240417230456,https://vancouver.ca/files/cov/2023-statement-of-financial-information.pdf,https://web.archive.org/web/20240417230456id_/https://vancouver.ca/files/cov/2023-statement-of-financial-information.pdf,2023-statement.pdf,6397199,99ff33757c052c288af8419f27bde9baf301e1b793b0bb6134e96f366db2fe1a
2024,statement,20250410190235,https://vancouver.ca/files/cov/2024-statement-of-financial-information.pdf,https://web.archive.org/web/20250410190235id_/https://vancouver.ca/files/cov/2024-statement-of-financial-information.pdf,2024-statement.pdf,6743507,7fa058d9a83879b3e81cfe86a299a6761393a6b4e4753760e2e12b84585d7cbf
2025,statement,20260713042147,https://vancouver.ca/files/cov/2025-statement-of-financial-information.pdf,https://web.archive.org/web/20260713042147id_/https://vancouver.ca/files/cov/2025-statement-of-financial-information.pdf,2025-statement.pdf,6626903,87fd00af09e1d9269a8b47019d7b71ad3d2072b0c986c46b8856c534c1a08ed5
