printed_key,program_key,reason
10th-avenenue-street-improvement-health-princint-phase-ii-from-ash-st-to-willow-st,10th-avenue-street-improvement-health-precinct-phase-2-from-ash-street-to-willow-street,"Phase II / Phase 2, typos (Avenenue, Princint) and St. abbreviated in 2021"
10th-avenue-street-improvement-health-precinct-phase-ii-from-ash-street-to-willow-street,10th-avenue-street-improvement-health-precinct-phase-2-from-ash-street-to-willow-street,"Phase II / Phase 2, typos (Avenenue, Princint) and St. abbreviated in 2021"
2015-2018-relocate-vanoucouver-public-library-office-at-library-square,2015-2018-relocation-of-vancouver-public-library-office-at-library-square,"Relocate / Relocation, typo Vanoucouver (2021)"
2015-2018-upgrades-and-replace-pump-station,2015-2018-upgrades-and-replacement-pump-station,Replace / Replacement
2015-2018-vehicles-and-equipment-replcement-addition,2015-2018-vehicles-and-equipment-replacement-additions,"Typo Replcement, Addition / Additions"
2019-2022-affordable-housing-related-sewer-upgrades,affordable-housing-related-sewer-upgrades,2022 file prints the 2019-2022 plan prefix; later files drop it and carry no new budget
2019-2022-arterial-improvement-congestion-and-transit-reliability,2019-2022-arterial-improvements-congestion-and-transit-reliability,Improvement / Improvements
2019-2022-capital-maintenance-existing-public-art,2019-2022-maintenance-existing-public-art,Capital dropped from 2024
2019-2022-capital-maintenance-vancouver-police-department-facilities,2019-2022-capital-maintenance-vancouver-police-department-vpd-facilities,(VPD) added in 2025
2019-2022-cto-chief-technology-officer-strategic-initiatives,2019-2022-chief-technology-officer-cto-strategic-initiatives,CTO before / after the words (2023)
2019-2022-design-investigation-transportion,2019-2022-design-investigation-transportation,Typo Transportion (2021)
2019-2022-facilities-condition-assessments,2019-2022-facilities-condition-assessment-program,Assessments / Assessment Program
2019-2022-pressure-relief-valve-replacement-refurbishment,2019-2022-pressure-reducing-valve-replacement-refurbishment,"PRV 2022-2023, spelt out from 2025; the 2021 file says relief valve"
2019-2022-prv-replacement-refurbishment,2019-2022-pressure-reducing-valve-replacement-refurbishment,"PRV 2022-2023, spelt out from 2025; the 2021 file says relief valve"
2019-2022-renewal-and-upgrades-of-baseball-and-softball-diamonds,2019-2022-renewal-upgrades-of-baseball-and-softball-diamonds,Renewal/Upgrades / Renewal & upgrades (2025)
2019-2022-renewal-of-disposal-vehicles-and-equipment,2019-2022-replacement-of-vehicles-and-equipment-disposal,"One fleet program of the 2019-2022 plan: Renewal 2021-2023, Replacement in 2025"
2019-2022-renewal-of-engineering-vehicles-and-equipment,2019-2022-replacement-of-vehicles-and-equipment-engineering-services,"One fleet program of the 2019-2022 plan: Renewal of Engineering vehicles 2021-2022, Renewal - Engineering Services 2023, Replacement from 2024"
2019-2022-renewal-of-other-vehicles-and-equipment,2019-2022-replacement-of-vehicles-and-equipment-other,"One fleet program of the 2019-2022 plan: Renewal 2021-2023, Replacement in 2025"
2019-2022-renewal-of-parks-vehicles-and-equipment,2019-2022-replacement-of-vehicles-and-equipment-park-board,"One fleet program of the 2019-2022 plan: Renewal 2021-2023, Replacement from 2024"
2019-2022-renewal-of-sanitation-vehicles-and-equipment,2019-2022-replacement-of-vehicles-and-equipment-sanitation,"One fleet program of the 2019-2022 plan: Renewal 2021-2023, Replacement from 2024"
2019-2022-renewal-of-vancouver-fire-and-rescue-services-vehicles-and-equipment,2019-2022-replacement-of-vehicles-and-equipment-vancouver-fire-and-rescue-services,"One fleet program of the 2019-2022 plan: Renewal 2021-2023, Replacement from 2024"
2019-2022-renewal-of-vancouver-police-department-vehicles-and-equipment,2019-2022-replacement-of-vehicles-and-equipment-vancouver-police-department-vpd,"One fleet program of the 2019-2022 plan: Renewal 2021-2023, Replacement from 2024"
2019-2022-renewal-of-vehicles-and-equipment-engineering-services,2019-2022-replacement-of-vehicles-and-equipment-engineering-services,"One fleet program of the 2019-2022 plan: Renewal of Engineering vehicles 2021-2022, Renewal - Engineering Services 2023, Replacement from 2024"
2019-2022-renewal-of-vehicles-and-equipment-fire-and-rescue,2019-2022-replacement-of-vehicles-and-equipment-vancouver-fire-and-rescue-services,"One fleet program of the 2019-2022 plan: Renewal 2021-2023, Replacement from 2024"
2019-2022-renewal-of-vehicles-and-equipment-park-board,2019-2022-replacement-of-vehicles-and-equipment-park-board,"One fleet program of the 2019-2022 plan: Renewal 2021-2023, Replacement from 2024"
2019-2022-renewal-of-vehicles-and-equipment-police,2019-2022-replacement-of-vehicles-and-equipment-vancouver-police-department-vpd,"One fleet program of the 2019-2022 plan: Renewal 2021-2023, Replacement from 2024"
2019-2022-renovations-childcare-facilities-0-4-yrs,2019-2022-renovations-childcare-facilities-0-4-years,yrs / Years
2019-2022-routine-lfg-works-non-closure,2019-2022-routine-landfill-gas-works-non-closure,LFG = landfill gas (2022)
2019-2022-technology-infrastructure-maintenance-upgrades-and-expansion-vancouver-public-library,2019-2022-technology-infrastructure-maintenance-upgrades-and-expansion-vpl,VPL for Vancouver Public Library (2025); the open budget carries over
2019-2022-tempest-upgrades-and-db-server,2019-2022-tempest-upgrades-and-database-server,DB / Database
2019-2022-transportation-monitoring-and-its-intelligence-transportation-systems,2019-2022-transportation-monitoring-and-its-intelligent-transportation-systems-planning,"2021 prints no suffix; its other ITS line is the Replacement one, so this is Planning"
2019-2022-transportation-monitoring-and-its-intelligence-transportation-systems-replacement,2019-2022-transportation-monitoring-and-its-intelligent-transportation-systems-replacement,Intelligence / Intelligent (2021)
2019-2022-upgrades-and-replace-pump-station,2019-2022-upgrades-and-replacement-pump-station,Replace / Replacement
2019-22-deep-emission-building-retrofits-program,2019-2022-deep-emission-building-retrofits-program,"No plan prefix 2021-2023, 2019-22 in 2024, 2019-2022 from 2025"
2021-2022-led-fixture-electrification-sensors,2019-2022-led-fixture-electrification-sensors,"The 2021 file prints 2021-2022, later ones 2019-2022: one program of the 2019-2022 plan approved in 2021"
2023-2026-capital-maintenance-vancouver-police-department,2023-2026-capital-maintenance-vancouver-police-department-vpd,(VPD) added in 2025
2023-2026-pump-station-renewal-and-upgrade-nelson,2023-2026-pump-station-renewals-and-upgrades-nelson,renewal & upgrade / renewals & upgrades
2023-2026-renewal-of-vehicles-and-equipment-disposal,2023-2026-replacement-of-vehicles-and-equipment-disposal,"Renewal (2023) / Replacement from 2024, one fleet program of the 2023-2026 plan"
2023-2026-renewal-of-vehicles-and-equipment-fire-and-rescue,2023-2026-replacement-of-vehicles-and-equipment-vancouver-fire-and-rescue-services,"Renewal (2023) / Replacement from 2024, one fleet program of the 2023-2026 plan"
2023-2026-renewal-of-vehicles-and-equipment-other,2023-2026-replacement-of-vehicles-and-equipment-other,"Renewal (2023) / Replacement from 2024, one fleet program of the 2023-2026 plan"
2023-2026-renewal-of-vehicles-and-equipment-park-board,2023-2026-replacement-of-vehicles-and-equipment-park-board,"Renewal (2023) / Replacement from 2024, one fleet program of the 2023-2026 plan"
2023-2026-renewal-of-vehicles-and-equipment-police,2023-2026-replacement-of-vehicles-and-equipment-vancouver-police-department-vpd,"Renewal (2023) / Replacement from 2024, one fleet program of the 2023-2026 plan"
2023-2026-renewal-of-vehicles-and-equipment-sanitation,2023-2026-replacement-of-vehicles-and-equipment-sanitation,"Renewal (2023) / Replacement from 2024, one fleet program of the 2023-2026 plan"
2023-2026-renewal-of-vehicles-and-equipment-sewers,2023-2026-replacement-of-vehicles-and-equipment-sewers,"Renewal (2023) / Replacement from 2024, one fleet program of the 2023-2026 plan"
2023-2026-renewal-of-vehicles-and-equipment-streets,2023-2026-replacement-of-vehicles-and-equipment-streets,"Renewal (2023) / Replacement from 2024, one fleet program of the 2023-2026 plan"
2023-2026-renewal-of-vehicles-and-equipment-water,2023-2026-replacement-of-vehicles-and-equipment-water,"Renewal (2023) / Replacement from 2024, one fleet program of the 2023-2026 plan"
2023-2026-sewer-main-grandview-catchment-area,2023-2026-sewer-main-renewal-grandview-catchment-area,renewal added from 2024
2023-2026-vancouer-landfill-maintenance-renovations-upgrades,2023-2026-vancouver-landfill-maintenance-renovations-upgrades,Typo Vancouer (2023)
2023-26-drainage-studies-and-outfall,2023-2026-drainage-studies-and-outfall,2023-26 / 2023-2026 plan prefix
2023-26-pressure-reducing-valve-replacement-and-refurbishment,2023-2026-pressure-reducing-valve-replacement-and-refurbishment,PRV = pressure reducing valve; 2023-26 / 2023-2026 plan prefix
2023-26-prv-replacement-and-refurbishment,2023-2026-pressure-reducing-valve-replacement-and-refurbishment,PRV = pressure reducing valve; 2023-26 / 2023-2026 plan prefix
2023-26-water-quality-programs,2023-2026-water-quality-programs,2023-26 / 2023-2026 plan prefix
animal-shelter-planning-design-2011,2011-animal-shelter-planning-design,2011 moved to the front
audio-video-equipment-upgrade-queen-elizabeth-theater,audio-video-equipment-upgrade-queen-elizabeth-theatre,Theater / Theatre
auquatics-study-including-outdoor-pool,aquatics-study-including-outdoor-pool,Typo Auquatics (2021)
childcare-at-new-firehall-8,childcare-firehall-8,Childcare at new FireHall #8 (2024) / Childcare - FireHall #8
childcare-at-phsa-slocan-site-redevelopment-project,phsa-slocan-site-redevelopment-project,Childcare at dropped from 2025; the program stays under Childcare
city-hall-office-accomodation-plan-rezoning-and-design,city-hall-office-accommodation-plan-rezoning-and-design,"Typo Accomodation (2021, 2023)"
contribution-for-social-housing-site-nov-2017,contribution-for-social-housing-site-november-2017,Nov / November 2017
deconstruction-and-greening-land-acquisition-oct-2023,deconstruction-and-greening-land-acquisition-october-2023,Oct / October 2023
deconstruction-and-greening-park-land-acquisition-jan-2016,deconstruction-and-greening-park-land-acquisition-january-2016,Jan / January 2016
deconstruction-and-greening-park-land-acquisition-june-2022,deconstruction-and-greening-land-acquisition-june-2022,The 2024 file adds Park to the June 2022 acquisition
deconstruction-and-greening-park-land-acquisition-oct-2018,deconstruction-and-greening-park-land-acquisition-october-2018,Oct / October 2018
deep-emission-building-retrofits-program,2019-2022-deep-emission-building-retrofits-program,"No plan prefix 2021-2023, 2019-22 in 2024, 2019-2022 from 2025"
detailed-design-for-firehall-theatre-renewal-and-expansion,detailed-design-for-firehall-arts-theatre-renewal-and-expansion,Firehall Theatre / Firehall Arts Theatre
electrical-vehicle-ev-infrastructure,electrical-vehicle-infrastructure,(EV) added in 2025 only
ev-electric-vehicle-ecosystem-strategy-pilot,electric-vehicle-ecosystem-strategy-pilot,EV prefix (2022)
facade-grant-265-carrall-st,facade-grant-265-carrall-street,St / Street
fixtures-decorative-ped-scale,fixtures-decorative-pedestrian-scale,Ped / Pedestrian
grant-urban-native-youth-assocation-native-youth-centre-project-development,grant-urban-native-youth-association-native-youth-centre-project-development,Typo Assocation (2021)
land-preparation-costs-vancouver-affordable-houing-agency,land-preparation-costs-vancouver-affordable-housing-agency,Typo Houing (2021)
landfill-end-use-plan,vancouver-landfill-end-use-plan,Vancouver added from 2023
landfill-entrance-renovations,vancouver-landfill-entrance-renovations,Vancouver added from 2023
landfill-hydrogeological-review-2016,vancouver-landfill-hydrogeological-review-2016,Vancouver added from 2023
landfill-western-40-hectare-closure,vancouver-landfill-western-40-hectare-closure,Vancouver added from 2023
little-mountain-neighbourhood-house-housing,little-mountain-neighbourhood-house-housing-development,Development added from 2022
little-mountain-neighbourhood-house-new-park-construction,little-mountain-neighbourhood-house-new-park-development,Construction (2021) / Development
mountainview-cemetery-road-repair,mountain-view-cemetery-road-repair,Mountainview / Mountain View
new-low-carbon-base-load-capacity-for-exisitng-network-design,new-low-carbon-base-load-capacity-for-existing-network-design,Typo exisitng (2023)
new-neighbourhood-energy-utility-neu-service-connections-and-energy-transfer-station-s,new-neighbourhood-energy-utility-neu-service-connections-and-energy-transfer-stations,Stations / Station's
office-workspace-expansion-jun-2017,office-workspace-expansion-june-2017,Jun 2017 / June 2017
office-workspace-expansion-sep-2018,office-workspace-expansion-september-2018,Sep 2018 / September 2018
outdoor-pools-study-including-mt-pleasant,outdoor-pools-study-including-mount-pleasant,Mt. / Mount Pleasant
pacific-national-exihibition-pne-amphitheatre-planning-and-design,pacific-national-exhibition-pne-amphitheatre-planning-and-design,Typo Exihibition (2021)
property-acquisition-sep-2016,property-acquisition-september-2016,Sep / September 2016
remediation-land-acquisition-2-mar-2016,remediation-land-acquisition-2-march-2016,Mar / March 2016
remediation-land-acquisition-mar-2016,remediation-land-acquisition-1-march-2016,2021 numbers only the second March 2016 acquisition; this is the first
remediation-land-acquisition-may-2016,remediation-land-acquisition-1-may-2016,2021 prints the May 2016 acquisition without its number
renewal-expansion-of-marpole-community-center,renewal-expansion-of-marpole-oakridge-community-center,Centre / Center; the 2024 file drops Oakridge
renewal-expansion-of-marpole-oakridge-community-centre,renewal-expansion-of-marpole-oakridge-community-center,Centre / Center; the 2024 file drops Oakridge
renewals-and-upgrades-of-filed-lightings,renewals-and-upgrades-of-field-lightings,Typo Filed (2021)
riley-park-pavillion-and-farmers-market,riley-park-pavilion-and-farmers-market,Typo Pavillion (2021)
senakw-burrard-bridge-structural-review,sen-w-burrard-bridge-structural-review,Senakw / Sen̓áḵw
still-creek-rehabiliation-and-enhancement,still-creek-rehabilitation-and-enhancement,Typo Rehabiliation (2023)
vsts-vancouver-south-transfer-station-structural-repairs,vancouver-south-transfer-station-structural-repairs,VSTS prefix (2022)
