printed_category,category,reason
Affordable Housing,Housing,"2019-2022 plan name. Of the 36 programs the 2022 and 2023 budgets both list, 35 sit under Housing in 2023."
Arts & Culture,"Arts, culture & heritage","2019-2022 plan name (2022 spelling). Of the 42 programs the 2022 and 2023 budgets both list, 41 sit under Arts, culture & heritage in 2023."
Arts and Culture,"Arts, culture & heritage","2019-2022 plan name (2021 spelling of Arts & Culture), which the 2023-2026 plan continues as Arts, culture & heritage."
Civic Facilities and Equipment,Civic facilities & equipment,"2021 spelling of the category the 2022 budget and the 2023-2026 plan print as Civic facilities & equipment."
One Water,"Water, sewers & drainage","2019-2022 plan name. All 52 programs the 2022 and 2023 budgets both list sit under Water, sewers & drainage in 2023."
"One Water: Potable water, rainwater & sanitary Water*","Water, sewers & drainage","The 2025 budget's name for the category its 2023, 2024 and 2026 budgets and the 2023-2026 Capital Plan call Water, sewers & drainage (2025 has no row under that name)."
Overhead,"Emerging priorities, contingency & project delivery","2019-2022 plan name. All 7 programs the 2022 and 2023 budgets both list sit under Emerging priorities, contingency & project delivery in 2023."
Parks & Open Spaces,Parks & public open spaces,"2019-2022 plan name (2022 spelling). Of the 86 programs the 2022 and 2023 budgets both list, 85 sit under Parks & public open spaces in 2023."
Parks and Open Spaces,Parks & public open spaces,"2019-2022 plan name (2021 spelling of Parks & Open Spaces), which the 2023-2026 plan continues as Parks & public open spaces."
Solid Waste,"Waste collection, diversion & disposal","2019-2022 plan name. All 19 programs the 2022 and 2023 budgets both list sit under Waste collection, diversion & disposal in 2023."
Transportation & Street Use,Streets,"2019-2022 plan name (2022 spelling). Of the 73 programs the 2022 and 2023 budgets both list, 72 sit under Streets in 2023."
Transportation and Street Use,Streets,"2019-2022 plan name (2021 spelling of Transportation & Street Use), which the 2023-2026 plan continues as Streets."
