printed_key,payee_key,reason
acklands-grainger-inc-nat-l-accounts,acklands-grainger,Acklands-Grainger with an account descriptor appended (2012).
acklands-grainger-inc-national-accts,acklands-grainger,Acklands-Grainger with an account descriptor appended (2013).
associated-engineering,associated-engineering-bc,"Associated Engineering (BC) Ltd., printed without its province and legal form 2011-2015."
ba-blacktop,b-a-blacktop,"""BA"" / ""B.A."": same paving company (2024)."
bc-housing-management-commission-burnaby,bc-housing-management-commission,BC Housing with its office location appended.
bc-housing-management-commission-vancouver,bc-housing-management-commission,BC Housing with its office location appended.
bc-housing-mgmt-commission,bc-housing-management-commission,"""Mgmt"" is Management written short."
bc-hydro-cad-130160,bc-hydro,BC Hydro with an account reference appended (2024-2025).
bell-alliance-in-trust,bell-alliance-llp-in-trust,"Same trust account, printed without the legal form LLP."
britannia-comm-ctr-society,britannia-community-centre-society,"""Comm Ctr"" is Community Centre written short."
britannia-community-srvcs-centre,britannia-community-services-centre,"""Srvcs"" is Services written short."
britannia-community-svcs-centre,britannia-community-services-centre,"""Svcs"" is Services written short."
britannia-community-svcs-ctre,britannia-community-services-centre,"""Svcs Ctre"" is Services Centre written short."
britannia-comm-services-centre-childcare-program,britannia-community-services-centre-childcare-program,"Same childcare program; ""Comm"" is Community written short."
broadway-equities-inc-and-pci-crossroads-dev-t,broadway-equities-inc-and-pci-crossroads-dev,"""Dev't"" is Development written short."
broadway-equities-inc-and-pci-crossroads-devt,broadway-equities-inc-and-pci-crossroads-dev,"""Devt"" / ""Dev"" are Development written short."
campbell-froh-may-and-rice-llp-in-tru-barristers-and-solicitors,campbell-froh-may-and-rice-llp-in-trust,"Same trust account, ""In Trust"" cut and a descriptor appended."
canada-post-corporation-payment-processing,canada-post,Canada Post Corporation with an account descriptor appended.
chen-and-leung-in-trust,chen-and-leung-in-trust-barrister-and-solicitors,"Same trust account, printed without the descriptor (2022)."
chen-and-leung-in-trust-barrister-and-solicitor,chen-and-leung-in-trust-barrister-and-solicitors,"Same trust account; ""Solicitor"" / ""Solicitors""."
corporation-of-delta,city-of-delta,The Corporation of Delta became the City of Delta in 2017; same municipality.
computershare-tr-co-of-canada-corp-tr-dept,computershare-trust-co-of-canada,"""Tr Co"" is Trust Company written short; department appended."
downtown-vancouver-bus-improvement-assn,downtown-vancouver-business-improvement-assoc,"Downtown Vancouver BIA; ""Bus."" and ""Assn"" written short."
downtown-vancouver-bus-improvement-association,downtown-vancouver-business-improvement-assoc,"Downtown Vancouver BIA; ""Bus."" is Business written short."
downtown-vancouver-business,downtown-vancouver-business-improvement-assoc,"Downtown Vancouver BIA, name cut at the column width (2021)."
downtown-vancouver-business-improv-assoc,downtown-vancouver-business-improvement-assoc,"Downtown Vancouver BIA; ""Improv."" is Improvement written short."
downtown-vancouver-business-improv-t-assoc,downtown-vancouver-business-improvement-assoc,"Downtown Vancouver BIA; ""Improv't"" is Improvement written short."
downtown-vancouver-business-improve-ments-association,downtown-vancouver-business-improvement-assoc,"Downtown Vancouver BIA, ""Improvements"" broken across a line and misprinted."
downtown-vancouver-business-improvement,downtown-vancouver-business-improvement-assoc,"Downtown Vancouver BIA, name cut before Association (2025)."
downtown-vancouver-business-improvement-assn,downtown-vancouver-business-improvement-assoc,"Downtown Vancouver BIA; ""Assn"" / ""Assoc"" are Association written short."
downtown-vancouver-business-improvements,downtown-vancouver-business-improvement-assoc,"Downtown Vancouver BIA, misprinted ""Improvements"" and cut before Association."
downtown-vancr-business-improvement-assoc,downtown-vancouver-business-improvement-assoc,"Downtown Vancouver BIA; ""Vancr"" is Vancouver written short."
dwntn-vancouver-business-improvement-association,downtown-vancouver-business-improvement-assoc,"Downtown Vancouver BIA; ""Dwntn"" is Downtown written short."
ecomm-emergency-communications,ecomm,E-Comm Emergency Communications for BC: the 2025 spelling of ECOMM.
ecomm-emergency-communications-for-bc,ecomm,E-Comm Emergency Communications for BC Inc: the 2022 spelling of ECOMM.
emergency-communications-for-bc,ecomm,Emergency Communications for BC Inc is E-Comm's legal name (2023-2024 spelling).
fasken-martineau-dumoulin-llp-in-trust,fasken-martineau-llp-in-trust,"Same firm's trust account under its full name, Fasken Martineau DuMoulin."
finning,finning-canada,Finning (Canada) is a division of Finning International; the dealer printed short (2019-2020).
finning-canada-a-div-of-finning-int-l,finning-canada,"Finning (Canada) with ""a div. of Finning Int'l"" appended."
finning-canada-a-division-of-finning,finning-canada,"Finning (Canada) with ""a division of Finning"" appended."
finning-canada-finning-international,finning-canada,Finning (Canada) with its parent's name appended.
first-truck-centre-vancouver,first-truck-centre,First Truck Centre with the city in its name (2011-2012).
gastown-business-improvement-societ,gastown-business-improvement-society,Name cut at the column width (2025).
graham-infrastructure-lp-c09636c,graham-infrastructure,Graham Infrastructure LP with a registration number appended (2021-2025).
grand-and-toy-custom-orders,grand-and-toy,Grand & Toy with an account descriptor appended.
officemax-canada-grand-and-toy,grand-and-toy,"Grand & Toy printed under its then parent's brand, OfficeMax (2013)."
greater-vancouver-sewerage-and-drainage-dist,greater-vancouver-sewerage-and-drainage-district,"""Dist"" is the schedule's abbreviation of District; same regional district (2012 print)."
greater-vancouver-water-district-metro-vancouver,greater-vancouver-water-district,From 2023 the schedules add the Metro Vancouver brand to the same water district.
insurance-corporation-of-biritish-columbia,icbc,"ICBC written out in full, misprinted ""Biritish"" (2019)."
insurance-corporation-of-british-columbia,icbc,ICBC written out in full (2018-2021).
igi-resources-lbx,igi-resources,IGI Resources with a lockbox reference appended (2014-2018).
industrial-alliance-insurance-and-financial-srvcs,industrial-alliance-insurance-and-financial-services,"""Srvcs"" is Services written short."
industrial-alliance-insurance-and-financial-svcs,industrial-alliance-insurance-and-financial-services,"""Svcs"" is Services written short."
interprovincial-traffic-srvcs,interprovincial-traffic-services,"""Srvcs"" is Services written short (2011)."
kornfeld-llp-in-trust-1100-one-bentall-center,kornfeld-llp-in-trust,Same trust account with the firm's address appended (2025).
lawson-lundell-llp-barristers-and-solicitors,lawson-lundell,Same firm's fee account with a descriptor appended (not its trust account).
mcrae-s-environmental-srvcs,mcrae-s-environmental-services,"""Srvcs"" is Services written short (2011-2012)."
medical-services-plan-of-b-c,medical-services-plan-of-bc,"""B.C."" / ""BC"": same Medical Services Plan (2012 print)."
minister-of-finance-medical-services-plan-of-bc,medical-services-plan-of-bc,"MSP premiums printed through the Minister of Finance in 2019-2020, the plan's last years; same account."
microserve-v8205,microserve,Microserve with a vendor code appended (2021-2025).
minister-of-finance-dba-bc-on-line,minister-of-finance-bc-on-line,"Same BC OnLine account; ""dba"" (doing business as) added."
minister-of-finance-ministry-of-technology-innov,minister-of-finance-ministry-of-technology-innovation,"Same ministry account, name cut at the column width."
minister-of-finance-ministry-of-technology-innov-n,minister-of-finance-ministry-of-technology-innovation,"Same ministry account, name cut at the column width."
minister-of-finance-ministry-of-technology-innovat-n,minister-of-finance-ministry-of-technology-innovation,"Same ministry account, name cut at the column width."
minister-of-finance-tribunal-transformation-and,minister-of-finance-tribunal-transformation,"Same account, name cut at the column width (2025)."
moneris-solutions-corporation-sunlife-centre,moneris,Moneris Solutions Corporation with its office address appended.
parkland-refining-b-c,parkland-refining-bc,"""B.C."" / ""BC"": same refinery company (2019)."
receiver-general-for-canada,receiver-general-of-canada,"""for"" / ""of"" Canada: the same federal Receiver General (2025 print)."
receiver-general-l-of-canada,receiver-general-of-canada,"""Rec. Gen'l"" is the 2012-2013 abbreviation of Receiver General."
receiver-general-l-of-canada-public-works-and-gov-t-srvcs,receiver-general-of-canada-public-works-and-gov-t-srvcs,"Same Public Works account; ""Gen'l"" is General written short."
receiver-general-l-of-canada-rcmp,receiver-general-of-canada-rcmp,"Same RCMP account; ""Gen'l"" is General written short."
receiver-general-of-canada-the-commissioner-rcmp,receiver-general-of-canada-rcmp,"Same RCMP account of the Receiver General, with the Commissioner named."
receiver-general-of-canada-the-commr-rcmp,receiver-general-of-canada-rcmp,"Same RCMP account of the Receiver General; ""The Commr"" is the Commissioner written short."
receiver-general-of-cda-rcmp,receiver-general-of-canada-rcmp,"Same RCMP account; ""Cda"" is Canada written short."
receiver-general-of-cda-the-commissioner-rcmp,receiver-general-of-canada-rcmp,"Same RCMP account; ""Cda"" is Canada written short."
receiver-general-of-canada-canada-revenue-agency,receiver-general-of-canada-revenue-agency,"Same Canada Revenue Agency account; the other print drops the repeated ""Canada""."
roundhouse-comm-arts-and-rec-society,roundhouse-community-arts-and-recreation-society,"Roundhouse Community Arts & Recreation Society, ""Comm."" and ""Rec."" written short (suppliers 2011). The society prints one supplier line a year, 2011-2025, under one spelling at a time."
roundhouse-comm-arts-and-recreation-soc,roundhouse-community-arts-and-recreation-society,"Same society, ""Comm."" and ""Soc"" written short (suppliers 2012)."
roundhouse-community-arts-and-rec-soc,roundhouse-community-arts-and-recreation-society,"Same society, ""Rec"" (Recreation) and ""Soc"" written short (suppliers 2015)."
roundhouse-community-arts-and-rec-society,roundhouse-community-arts-and-recreation-society,"Same society, ""Rec"" (Recreation) written short (suppliers 2016-2017)."
roundhouse-community-arts-and-recreation-soc,roundhouse-community-arts-and-recreation-society,"Same society, ""Soc"" written short (suppliers 2013-2014, 2018-2020, 2022)."
roundhouse-community-arts-and,roundhouse-community-arts-and-recreation-society,"Same society, name cut at the column after ""Arts &"" (suppliers 2025)."
roundhouse-community-arts-and-recreation,roundhouse-community-arts-and-recreation-society,"Same society, name cut before ""Society"" (grants 2025)."
roundhouse-comm-centre-association,roundhouse-community-centre-association,"Roundhouse Community Centre Association, ""Comm."" written short (suppliers 2011). A body apart from the Arts & Recreation Society: both print a supplier line in 2011-2014."
roundhouse-community-ctr-assn,roundhouse-community-centre-association,"Same association, ""Ctr Assn"" is Centre Association written short (suppliers 2012)."
scott-special-project,scott-special-projects,"Scott Special Projects Ltd., printed without the final s and legal form 2011-2023."
strathcona-bus-improvement-association,strathcona-business-improvement-association,"""Bus."" is Business written short."
strathcona-business-improvement,strathcona-business-improvement-association,Name cut before Association (2024).
strathcona-business-improvement-assoc,strathcona-business-improvement-association,"""Assoc"" is Association written short."
sun-life-of-canada-grp-client-services,sun-life-of-canada-group-client-services,"""Grp"" is Group written short."
urban-sawing-and-scanning-co-ltd-a-div-of-dallas-watt-demo,urban-sawing-and-scanning,Urban Sawing & Scanning with its parent company appended (2025).
vancouver-coastal-health,vancouver-coastal-health-authority,"Same health authority, printed without ""Authority"" (2014)."
vancouver-economic-dev-commission,vancouver-economic-commission,"The Vancouver Economic Development Commission, renamed Vancouver Economic Commission."
worksafe-bc,workers-compensation-board-of-bc,WorkSafeBC is the operating name of the Workers' Compensation Board of BC.
worksafebc,workers-compensation-board-of-bc,WorkSafeBC is the operating name of the Workers' Compensation Board of BC.
yaletown-business-improvement,yaletown-business-improvement-association,Name cut before Association.
vancouver-ywca,ywca-vancouver,"Same organisation, words in the other order (2011)."
ywca-vancouver-city-gate,ywca-vancouver-citygate,"""City Gate"" / ""Citygate"": same program (2012)."
ywca-vancouver-crabree-corner,ywca-vancouver-crabtree-corner,"Same program, ""Crabtree"" misprinted (2014)."
