# Board of Supervisors, the whole scanned series, enumerated by
# CREATOR on archive.org — not by title. The title changes from
# 'Journal of proceedings' to 'Meeting minutes' around 1999 and that
# rename is what hid 2000-2016 from this pipeline.
# year_from and year_to are parsed from `volume` then the identifier,
# NEVER from the catalogue `date`, which is provably not the coverage.
# generated by pipeline/scripts/us_sf_city/build_minutes_manifest.py
year_from	year_to	identifier	volume	title
1908	1908	journalofproceed1908sanfrich	v. 3	Journal of proceedings, Board of Supervisors, City and County of San Francisco
1909	1909	journalofproceed1909sanfrich	v. 4	Journal of proceedings, Board of Supervisors, City and County of San Francisco
1910	1910	journalofproceed1910sanfrich	v. 5	Journal of proceedings, Board of Supervisors, City and County of San Francisco
1911	1911	journalofproceed1911sanfrich	v. 6	Journal of proceedings, Board of Supervisors, City and County of San Francisco
1912	1912	journalofproceed1912sanfrich	v. 7	Journal of proceedings, Board of Supervisors, City and County of San Francisco
1913	1913	journalofproceed1913sanfrich	v. 8	Journal of proceedings, Board of Supervisors, City and County of San Francisco
1914	1914	journalofproceed1914sanfrich	v. 9	Journal of proceedings, Board of Supervisors, City and County of San Francisco
1915	1915	journalofproceed1915sanfrich	v. 10	Journal of proceedings, Board of Supervisors, City and County of San Francisco
1916	1916	journalofproceed1916sanfrich	v. 11	Journal of proceedings, Board of Supervisors, City and County of San Francisco
1917	1917	journalofproceed1917sanfrich	v. 12	Journal of proceedings, Board of Supervisors, City and County of San Francisco
1918	1918	journalofproceed1918sanfrich	v. 13	Journal of proceedings, Board of Supervisors, City and County of San Francisco
1919	1919	journalofproceed1919sanfrich	v. 14	Journal of proceedings, Board of Supervisors, City and County of San Francisco
1920	1920	journalofproceed1920sanfrich	v. 15	Journal of proceedings, Board of Supervisors, City and County of San Francisco
1921	1921	journalofproceed1921sanfrich	v. 16	Journal of proceedings, Board of Supervisors, City and County of San Francisco
1922	1922	journalofproceed1922sanfrich	v. 17	Journal of proceedings, Board of Supervisors, City and County of San Francisco
1923	1923	journalofproceed1923sanfrich	18	Journal of proceedings, Board of Supervisors, City and County of San Francisco
1924	1924	journalofproceed1924sanfrich	19	Journal of proceedings, Board of Supervisors, City and County of San Francisco
1925	1925	journalofproceed1925sanfrich	20	Journal of proceedings, Board of Supervisors, City and County of San Francisco
1926	1926	journalofproceed21sanfrich	21	Journal of proceedings, Board of Supervisors, City and County of San Francisco
1927	1927	journalofproceed22sanfrich	22	Journal of proceedings, Board of Supervisors, City and County of San Francisco
1928	1928	journalofproceed23sanfrich	23	Journal of proceedings, Board of Supervisors, City and County of San Francisco
1929	1929	journalofproceed24sanfrich	24	Journal of proceedings, Board of Supervisors, City and County of San Francisco
1930	1930	journalofproceed25part2sanfrich	25 pt. 2	Journal of proceedings, Board of Supervisors, City and County of San Francisco
1930	1930	journalofproceed25sanfrich	25	Journal of proceedings, Board of Supervisors, City and County of San Francisco
1931	1931	journalofproceed26sanfrich	26	Journal of proceedings, Board of Supervisors, City and County of San Francisco
1932	1932	journalofproceed27sanfrich	27	Journal of proceedings, Board of Supervisors, City and County of San Francisco
1933	1933	journalofproceed28sanfrich	28	Journal of proceedings, Board of Supervisors, City and County of San Francisco
1934	1934	journalofproceed29sanfrich	29	Journal of proceedings, Board of Supervisors, City and County of San Francisco
1935	1935	journalofproceed30sanfrich	30	Journal of proceedings, Board of Supervisors, City and County of San Francisco
1936	1936	journalofproceed31sanfrich	31	Journal of proceedings, Board of Supervisors, City and County of San Francisco
1937	1937	journalofproceed32sanfrich	32	Journal of proceedings, Board of Supervisors, City and County of San Francisco
1938	1938	journalofproceed33sanfrich	33	Journal of proceedings, Board of Supervisors, City and County of San Francisco
1939	1939	journalofproceed34sanfrich	34	Journal of proceedings, Board of Supervisors, City and County of San Francisco
1940	1940	journalofproceed35sanfrich	35	Journal of proceedings, Board of Supervisors, City and County of San Francisco
1941	1941	journalofproceed36sanfrich	36	Journal of proceedings, Board of Supervisors, City and County of San Francisco
1942	1942	journalofproceed37sanfrich	37	Journal of proceedings, Board of Supervisors, City and County of San Francisco
1943	1943	journalofproceed38part2sanfrich	38 pt. 2	Journal of proceedings, Board of Supervisors, City and County of San Francisco
1943	1943	journalofproceed38part3sanfrich	38 pt. 3	Journal of proceedings, Board of Supervisors, City and County of San Francisco
1943	1943	journalofproceed38sanfrich	38	Journal of proceedings, Board of Supervisors, City and County of San Francisco
1944	1944	journalofproceed39sanfrich	39	Journal of proceedings, Board of Supervisors, City and County of San Francisco
1945	1945	journalofproceed40sanfrich	40 pt. 1	Journal of proceedings, Board of Supervisors, City and County of San Francisco
1947	1947	journalofproceed42sanfrich	42	Journal of proceedings, Board of Supervisors, City and County of San Francisco
1948	1948	journalofproceed43sanfrich	43	Journal of proceedings, Board of Supervisors, City and County of San Francisco
1949	1949	journalofproceed44sanfrich	44	Journal of proceedings, Board of Supervisors, City and County of San Francisco
1950	1950	journalofproceed45sanfrich	45	Journal of proceedings, Board of Supervisors, City and County of San Francisco
1951	1951	journalofproceed46sanfrich	46	Journal of proceedings, Board of Supervisors, City and County of San Francisco
1952	1952	journalofproceed47sanfrich	47	Journal of proceedings, Board of Supervisors, City and County of San Francisco
1953	1953	journalofproceed48sanfrich	48	Journal of proceedings, Board of Supervisors, City and County of San Francisco
1954	1954	journalofproceed49sanfrich	49	Journal of proceedings, Board of Supervisors, City and County of San Francisco
1955	1955	journalofproceed50sanfrich	50	Journal of proceedings, Board of Supervisors, City and County of San Francisco
1956	1956	journalofproceed51sanfrich	51	Journal of proceedings, Board of Supervisors, City and County of San Francisco
1957	1957	journalofproceed52sanfrich	52	Journal of proceedings, Board of Supervisors, City and County of San Francisco
1958	1958	journalofproceed53sanfrich	53	Journal of proceedings, Board of Supervisors, City and County of San Francisco
1959	1959	journalofproceed54sanfrich	54	Journal of proceedings, Board of Supervisors, City and County of San Francisco
1960	1960	journalofproceed55sanfrich	55	Journal of proceedings, Board of Supervisors, City and County of San Francisco
1961	1961	journalofproceed56sanfrich	56	Journal of proceedings, Board of Supervisors, City and County of San Francisco
1962	1962	journalofproceed57sanfrich	57	Journal of proceedings, Board of Supervisors, City and County of San Francisco
1963	1963	journalofproceed58sanfrich	58	Journal of proceedings, Board of Supervisors, City and County of San Francisco
1964	1964	journalofproceed59sanfrich	59	Journal of proceedings, Board of Supervisors, City and County of San Francisco
1965	1965	journalofproceed60sanfrich	60	Journal of proceedings, Board of Supervisors, City and County of San Francisco
1966	1966	journalofproceed61sanfrich	61	Journal of proceedings, Board of Supervisors, City and County of San Francisco
1967	1967	journalofproceed62sanfrich	62	Journal of proceedings, Board of Supervisors, City and County of San Francisco
1968	1968	journalofproceed63sanfrich	63	Journal of proceedings, Board of Supervisors, City and County of San Francisco
1969	1969	journalofproceed64sanfrich	64	Journal of proceedings, Board of Supervisors, City and County of San Francisco
1970	1970	journalofproceed65sanfrich	65	Journal of proceedings, Board of Supervisors, City and County of San Francisco
1971	1971	journalofproceed66sanfrich	66	Journal of proceedings, Board of Supervisors, City and County of San Francisco
1972	1972	journalofproceed67sanfrich	67	Journal of proceedings, Board of Supervisors, City and County of San Francisco
1973	1973	journalofproceed68sanfrich	68	Journal of proceedings, Board of Supervisors, City and County of San Francisco
1974	1974	journalofproceed69sanfrich	69	Journal of proceedings, Board of Supervisors, City and County of San Francisco
1974	1982	1minutes197482sanf	1974-82	Minutes
1974	1982	minutes197482sanf	1974-82	Minutes
1975	1975	journaljanjuneofproceed70sanfrich	70-1	Journal of proceedings, Board of Supervisors, City and County of San Francisco
1975	1975	journalofjulydecproceed70sanfrich	70-2	Journal of proceedings, Board of Supervisors, City and County of San Francisco
1976	1976	journaljanaprofproceed71sanfrich	71-1	Journal of proceedings, Board of Supervisors, City and County of San Francisco
1976	1976	journalofmayaugproceed71sanfrich	71-2	Journal of proceedings, Board of Supervisors, City and County of San Francisco
1976	1976	journalseptdecofproceed71sanfrich	71-3	Journal of proceedings, Board of Supervisors, City and County of San Francisco
1976	1982	minutes19761982sanf	1976-1982	Minutes
1977	1977	journajulydeclofproceed72sanfrich	72	Journal of proceedings, Board of Supervisors, City and County of San Francisco
1977	1977	journalofjanjuneproceed72sanfrich	72	Journal of proceedings, Board of Supervisors, City and County of San Francisco
1978	1978	journaljanjuneofproceed73sanfrich	73	Journal of proceedings, Board of Supervisors, City and County of San Francisco
1978	1978	journaljulydecofproceed73sanfrich	73	Journal of proceedings, Board of Supervisors, City and County of San Francisco
1979	1979	journaljanjuneofproceed74sanfrich	74 pt. 1	Journal of proceedings, Board of Supervisors, City and County of San Francisco
1979	1979	journaljulydecofproceed74sanfrich	74 pt. 2	Journal of proceedings, Board of Supervisors, City and County of San Francisco
1980	1980	journaljanjuneofproceed75sanfrich	75 pt. 1	Journal of proceedings, Board of Supervisors, City and County of San Francisco
1980	1980	journaljulydecofproceed75sanfrich	75 pt. 2	Journal of proceedings, Board of Supervisors, City and County of San Francisco
1981	1981	journaljanjuneofproceed76sanfrich	76 pt. 1	Journal of proceedings, Board of Supervisors, City and County of San Francisco
1981	1981	journaljulydecofproceed76sanfrich	76 pt. 2	Journal of proceedings, Board of Supervisors, City and County of San Francisco
1982	1982	journalofjanjuneproceed77sanfrich	77 pt. 1	Journal of proceedings, Board of Supervisors, City and County of San Francisco
1982	1982	journalofjulydecproceed77sanfrich	77 pt. 2	Journal of proceedings, Board of Supervisors, City and County of San Francisco
1982	1987	minutes19821987sanf	1982-1987	Minutes
1983	1983	journalofproceed78julydecsanfrich	78 pt. 2	Journal of proceedings, Board of Supervisors, City and County of San Francisco
1983	1983	journalofproceedjanjune78sanfrich	78 pt. 1	Journal of proceedings, Board of Supervisors, City and County of San Francisco
1984	1984	journaljulydecofproceed79sanfrich	79	Journal of proceedings, Board of Supervisors, City and County of San Francisco
1984	1984	journalofjanjuneproceed79sanfrich	79	Journal of proceedings, Board of Supervisors, City and County of San Francisco
1985	1985	journaljanjuneofproceed80sanfrich	80	Journal of proceedings, Board of Supervisors, City and County of San Francisco
1985	1985	journalofjulydecproceed80sanfrich	80	Journal of proceedings, Board of Supervisors, City and County of San Francisco
1986	1986	journalofmayaugproceed81sanfrich	81	Journal of proceedings, Board of Supervisors, City and County of San Francisco
1986	1986	journalofproceedjanapr81sanfrich	81	Journal of proceedings, Board of Supervisors, City and County of San Francisco
1986	1986	journalseptdecofproceed81sanfrich	81	Journal of proceedings, Board of Supervisors, City and County of San Francisco
1987	1987	journaljanaprofproceed82sanfrich	82 pt. 1	Journal of proceedings, Board of Supervisors, City and County of San Francisco
1987	1987	journalmayaugofproceed82sanfrich	82 pt. 2	Journal of proceedings, Board of Supervisors, City and County of San Francisco
1987	1987	journalofproceed82septdecsanfrich	82 pt. 3	Journal of proceedings, Board of Supervisors, City and County of San Francisco
1987	1988	minutes198788sanf	1987-88	Minutes
1987	1990	1minutes19871990sanf	1987-1990	Minutes
1987	1990	minutes19871990sanf	1987-1990	Minutes
1988	1988	journalmayaugofproceed83sanfrich	83	Journal of proceedings, Board of Supervisors, City and County of San Francisco
1988	1988	journalofjanaprproceed83sanfrich	83	Journal of proceedings, Board of Supervisors, City and County of San Francisco
1988	1988	journalofseptdecproceed83sanfrich	83	Journal of proceedings, Board of Supervisors, City and County of San Francisco
1989	1989	2minutes1989sanf	Jan-May 1989	Minutes
1989	1989	3minutes1989sanf	June-July 1989	Minutes
1989	1989	4minutes1989sanf	Aug-Sept 1989	Minutes
1989	1989	5minutes1989sanf	Oct 1989	Minutes
1989	1989	6minutes1989sanf	Nov-Dec 1989	Minutes
1989	1989	journalmayseptofproceed84sanfrich	84	Journal of proceedings, Board of Supervisors, City and County of San Francisco
1989	1989	journaloctdecofproceed84sanfrich	84	Journal of proceedings, Board of Supervisors, City and County of San Francisco
1989	1989	journalofjanaprproceed84sanfrich	84	Journal of proceedings, Board of Supervisors, City and County of San Francisco
1990	1990	1minutes1990sanf	Jan-Feb 1990	Minutes
1990	1990	2minutes1990sanf	1990	Minutes
1990	1990	3minutes1990sanf	1990	Minutes
1990	1990	journalofproceed85julydecsanfrich	85	Journal of proceedings, Board of Supervisors, City and County of San Francisco
1990	1990	journalofproceedjanjune85sanfrich	85	Journal of proceedings, Board of Supervisors, City and County of San Francisco
1991	1991	1minutes1991sanf	1991	Minutes
1991	1991	2minutes1991sanf	1991	Minutes
1991	1991	journalofmayaugproceed86sanfrich	86	Journal of proceedings, Board of Supervisors, City and County of San Francisco
1991	1991	journalofproceedjanapr86sanfrich	86	Journal of proceedings, Board of Supervisors, City and County of San Francisco
1991	1991	journalofseptoctproceed86sanfrich	86	Journal of proceedings, Board of Supervisors, City and County of San Francisco
1992	1992	1minutes1992sanf	1992	Minutes
1992	1992	2minutes1992sanf	1992	Minutes
1992	1992	journalofjanjunproceed87sanfrich	87	Journal of proceedings, Board of Supervisors, City and County of San Francisco
1992	1992	journalofjuldecproceed87sanfrich	87	Journal of proceedings, Board of Supervisors, City and County of San Francisco
1993	1993	0minutes1993sanf	1993	Minutes
1993	1993	1minutes1993sanf	Feb-Apr 1993	Minutes
1993	1993	2minutes1993sanf	1993	Minutes
1993	1993	3minutes1993sanf	Oct-Dec 1993	Minutes
1993	1993	4minutes1993sanf	1993	Minutes
1993	1993	5minutes1993sanf	May-July 1993	Minutes
1993	1993	6minutes1993sanf	Aug-Sept 1993	Minutes
1993	1993	journalofproceed88janaprsanfrich	88	Journal of proceedings, Board of Supervisors, City and County of San Francisco
1993	1993	journalofproceed88mayaugsanfrich	88	Journal of proceedings, Board of Supervisors, City and County of San Francisco
1993	1993	journalseptdecofproceed88sanfrich	88	Journal of proceedings, Board of Supervisors, City and County of San Francisco
1993	1993	minutes1993sanf_3	1993	Minutes
1993	1993	minutes1993sanf_4	January-May 1993	Minutes
1994	1994	0minutes1994sanf	1994	Minutes
1994	1994	1minutes1994sanf	July-Aug 1994	Minutes
1994	1994	2minutes1994sanf	1994	Minutes
1994	1994	3minutes1994sanf	1994	Minutes
1994	1994	4minutes1994sanf	Jan-Mar 1994	Minutes
1994	1994	6minutes1994sanf	Apr-June 1994	Minutes
1994	1994	7minutes1994sanf	Sept-Dec 1994	Minutes
1994	1994	journaljanaprofproceed89sanfrich	89 pt. 1	Journal of proceedings, the minutes of the Board of Supervisors, City and County of San Francisco
1994	1994	journalmayaugofproceed89sanfrich	89 pt. 2	Journal of proceedings, the minutes of the Board of Supervisors, City and County of San Francisco
1994	1994	journalofseptdecproceed89sanfrich	89 pt. 3	Journal of proceedings, the minutes of the Board of Supervisors, City and County of San Francisco
1994	1994	minutes1994sanf_6	1994	Minutes
1995	1995	1minutes1995sanf	Jan-Apr 1995	Minutes
1995	1995	2minutes1995sanf	1995	Minutes
1995	1995	3minutes1995sanf	May-Aug 1995	Minutes
1995	1995	4minutes1995sanf	Sept-Dec 1995	Minutes
1995	1995	journalofjanaprproceed90sanfrich	90 pt. 1	Journal of proceedings, the minutes of the Board of Supervisors, City and County of San Francisco
1995	1995	journalofmayaugproceed90sanfrich	90 pt. 2	Journal of proceedings, the minutes of the Board of Supervisors, City and County of San Francisco
1995	1995	journalseptdecofproceed90sanfrich	90 pt. 3	Journal of proceedings, the minutes of the Board of Supervisors, City and County of San Francisco
1995	1995	minutes1995sanf_3	1995	Minutes
1995	1997	0minutes199597sanf	1995-97	Minutes
1995	1997	1minutes199597sanf	1995-97	Minutes
1996	1996	1minutes1996sanf	Jan-Apr 1996	Minutes
1996	1996	2minutes1996sanf	1996	Minutes
1996	1996	3minutes1996sanf	May-Aug 1996	Minutes
1996	1996	journalmayaugofproceed91sanfrich	91 pt. 2	Journal of proceedings, the minutes of the Board of Supervisors, City and County of San Francisco
1996	1996	journalofproceed91sanfrich	91	Journal of proceedings, the minutes of the Board of Supervisors, City and County of San Francisco
1996	1996	journalofseptdecproceed91sanfrich	91 pt. 3	Journal of proceedings, the minutes of the Board of Supervisors, City and County of San Francisco
1996	1997	minutes1996sanf_10	1996-1997	Minutes
1997	1997	1minutes1997sanf	1997	Minutes
1997	1997	2minutes1997sanf	1997	Minutes
1997	1997	3minutes1997sanf	Jan-Feb 1997	Minutes
1997	1997	4minutes1997sanf	Mar-Apr 1997	Minutes
1997	1997	5minutes1997sanf	May-June 1997	Minutes
1997	1997	6minutes1997sanf	July-Aug 1997	Minutes
1997	1997	7minutes1997sanf	Sept-Oct 1997	Minutes
1997	1997	8minutes1997sanf	Nov-Dec 1997	Minutes
1997	1997	journalofmayaugproceed92sanfrich	92 pt. 2	Journal of proceedings, the minutes of the Board of Supervisors, City and County of San Francisco
1997	1997	journalofproceed92septdecsanfrich	92 pt. 3	Journal of proceedings, the minutes of the Board of Supervisors, City and County of San Francisco
1997	1997	journalofproceedjanapr92sanfrich	92 pt. 1	Journal of proceedings, the minutes of the Board of Supervisors, City and County of San Francisco
1997	1997	minutes1997sanf_10	1997	Minutes
1998	1998	1minutes1998sanf	Jan-Feb 1998	Minutes
1998	1998	2minutes1998sanf	1998	Minutes
1998	1998	3minutes1998sanf	Mar-Apr 1998	Minutes
1998	1998	4minutes1998sanf	May-June 1998	Minutes
1998	1998	5minutes1998sanf	July-Aug 1998	Minutes
1998	1998	6minutes1998sanf	Sept-Oct 1998	Minutes
1998	1998	7minutes1998sanf	Nov-Dec 1998	Minutes
1998	1998	journalofjulydecproceed93sanfrich	93	Journal of proceedings, the minutes of the Board of Supervisors, City and County of San Francisco
1998	1998	journalofproceed93sanfrich	93	Journal of proceedings, the minutes of the Board of Supervisors, City and County of San Francisco
1998	1999	1minutes199899sanf	1998-99	Minutes
1998	1999	minutes1998sanf_11	1998-1999	Minutes
1998	2001	meetingminutes19982001san	1998-2001	Meeting minutes
1999	1999	0meetingminutes1999sanf	1999	Meeting minutes
1999	1999	1minutes1999sanf	1999	Minutes
1999	1999	2minutes1999sanf	Jan-Feb 1999	Minutes
1999	1999	3minutes1999sanf	Mar-Apr 1999	Minutes
1999	1999	4minutes1999sanf	May-June 1999	Minutes
1999	1999	5minutes1999sanf	July-Aug 1999	Minutes
1999	1999	6minutes1999sanf	Sept-Oct 1999	Minutes
1999	1999	7minutes1999sanf	Nov-Dec 1999	Minutes
1999	1999	journalaprjuneofproceed94sanfrich	94	Journal of proceedings, Board of Supervisors
1999	1999	journalofjanmarproceed94sanfrich	94	Journal of proceedings, Board of Supervisors
1999	1999	journalofproceed94julyseptsanfrich	94	Journal of proceedings, Board of Supervisors
1999	1999	journalofproceedoctdec94sanfrich	94	Journal of proceedings, Board of Supervisors
1999	1999	meetingminutes1999sanf	1999	Meeting minutes
1999	2001	meetingminutes199901sanf	1999-2001	Meeting minutes
2000	2000	1minutes2000sanf	2000	Minutes
2000	2000	2minutes2000sanf	Jan-Feb 2000	Minutes
2000	2000	3minutes2000sanf	Mar-Apr 2000	Minutes
2000	2000	4minutes2000sanf	July-Aug 2000	Minutes
2000	2000	5minutes2000sanf	Sept-Oct 2000	Minutes
2000	2000	6minutes2000sanf	Nov-Dec 2000	Minutes
2000	2000	meetingminutes2000sanf	2000	Meeting minutes
2000	2000	meetingminutes95sanfrich	95	Meeting minutes
2000	2000	meetingminutesb2000sanf_0	May-August 2000	Meeting minutes / Board of Supervisors, City and County of San Francisco
2000	2000	meetingminutesb2000sanf_1	September-December 2000	Meeting minutes / Board of Supervisors, City and County of San Francisco
2000	2000	meetingminutesbo2000sanf	January-April 2000	Meeting minutes / Board of Supervisors, City and County of San Francisco
2000	2000	meetingminutesmayaug95sanfrich	95	Meeting minutes
2000	2000	meetingseptdecminutes95sanfrich	95	Meeting minutes
2000	2000	minutes212000sanf	May-June 21, 2000	Minutes
2000	2000	minutes22302000sanf	Jun 22-30 2000	Minutes
2000	2001	meetingminutes20002001sa	2000-2001	Meeting minutes
2001	2001	1minutes2001sanf	Jan-Feb 2001	Minutes
2001	2001	2minutes2001sanf	Mar-Apr 2001	Minutes
2001	2001	3minutes2001sanf	May 2001	Minutes
2001	2001	4minutes2001sanf	Aug-Oct 2001	Minutes
2001	2001	5minutes2001sanf	Nov-Dec 2001	Minutes
2001	2001	meetingminutes96septdecsanfrich	96	Meeting minutes
2001	2001	meetingminutesb2001sanf_0	May-August 2001	Meeting minutes / Board of Supervisors, City and County of San Francisco
2001	2001	meetingminutesb2001sanf_1	September-December 2001	Meeting minutes / Board of Supervisors, City and County of San Francisco
2001	2001	meetingminutesbo2001sanf	January-April 2001	Meeting minutes / Board of Supervisors, City and County of San Francisco
2001	2001	meetingminutesjanapr96sanfrich	96	Meeting minutes
2001	2001	meetingminutesmayaug96sanfrich	96	Meeting minutes
2001	2001	minutes13212001sanf	June 13-21, 2001	Minutes
2001	2001	minutes262001sanf	June 26-July 2001	Minutes
2001	2002	0meetingminutes200102sanf	2001-02	Meeting minutes
2001	2002	1meetingminutes200102sanf	2001-02	Meeting minutes
2001	2002	meetingminutes200102sanf	2001-02	Meeting minutes
2001	2002	minutes200102sanf	2001-02	Minutes
2002	2002	2minutes2002sanf	Jan-Feb 2002	Minutes
2002	2002	3minutes2002sanf	Mar-Apr 2002	Minutes
2002	2002	4minutes2002sanf	May 2002	Minutes
2002	2002	5minutes2002sanf	June-July 2002	Minutes
2002	2002	6minutes2002sanf	Aug-Nov 2002	Minutes
2002	2002	meetingjuneaugminutes97sanfrich	97	Meeting minutes
2002	2002	meetingminutesb2002sanf_0	June-August 2002	Meeting minutes / Board of Supervisors, City and County of San Francisco
2002	2002	meetingminutesb2002sanf_1	September-December 2002	Meeting minutes / Board of Supervisors, City and County of San Francisco
2002	2002	meetingminutesbo2002sanf	January-May 2002	Meeting minutes / Board of Supervisors, City and County of San Francisco
2002	2002	meetingminutesjanmay97sanfrich	97	Meeting minutes
2002	2002	meetingminutesseptdec97sanfrich	97	Meeting minutes
2002	2003	1minutes200203sanf	Dec-Feb 2002-03	Minutes
2002	2003	meetingminutes0203sanf	Mar 2002-May 2003	Meeting minutes
2002	2003	meetingminutes200203sanf	2002-03	Meeting minutes
2003	2003	1meetingminutes2003sanf	Feb-Apr 2003	Meeting minutes
2003	2003	1minutes2003sanf	2003	Minutes
2003	2003	2meetingminutes2003sanf	May-June 2003	Meeting minutes
2003	2003	3meetingminutes2003sanf	July-Aug 2003	Meeting minutes
2003	2003	4meetingminutes2003sanf	Sept-Oct 2003	Meeting minutes
2003	2003	5meetingminutes2003sanf	Nov-Dec 2003	Meeting minutes
2003	2003	meetingaprmay2003minutes9811sanfrich	98-11	Meeting minutes
2003	2003	meetingjuneaug2003minutes9820sanfrich	98-20	Meeting minutes
2003	2003	meetingminutes2003sanf	June-Dec 2003	Meeting minutes
2003	2003	meetingminutesb2003sanf_0	April-May 2003	Meeting minutes / Board of Supervisors, City and County of San Francisco
2003	2003	meetingminutesb2003sanf_1	June-August 2003	Meeting minutes / Board of Supervisors, City and County of San Francisco
2003	2003	meetingminutesb2003sanf_2	September-December 2003	Meeting minutes / Board of Supervisors, City and County of San Francisco
2003	2003	meetingminutesbo2003sanf	January-March 2003	Meeting minutes / Board of Supervisors, City and County of San Francisco
2003	2003	meetingminutesjanmar98sanfrich	98	Meeting minutes
2003	2003	meetingseptdec2003minutes9831sanfrich	98-31	Meeting minutes
2004	2004	1meetingminutes2004sanf	Mar-Apr 2004	Meeting minutes
2004	2004	1minutes2004sanf	2004	Minutes
2004	2004	meetingaprmay2004minutes9911sanfrich	99-11	Meeting minutes
2004	2004	meetingjanmar2004minutes991sanfrich	99-1	Meeting minutes
2004	2004	meetingjuneaug2004minutes9917sanfrich	99-17	Meeting minutes
2004	2004	meetingminutes2004sanf	Jan-Feb 2004	Meeting minutes
2004	2004	meetingminutesb2004sanf_0	April-May 2004	Meeting minutes / Board of Supervisors, City and County of San Francisco
2004	2004	meetingminutesb2004sanf_1	June-August 2004	Meeting minutes / Board of Supervisors, City and County of San Francisco
2004	2004	meetingminutesb2004sanf_2	September-December 2004	Meeting minutes / Board of Supervisors, City and County of San Francisco
2004	2004	meetingminutesbo2004sanf	January-March 2004	Meeting minutes / Board of Supervisors, City and County of San Francisco
2004	2004	meetingseptdec2004minutes99sanfrich	99	Meeting minutes
2004	2005	meetingmins20042005sanf	Jan. 2004-Feb. 2005	Meeting minutes
2004	2005	meetingminutes200405sanf	Jan-Jan 2004-05	Meeting minutes
2004	2005	meetingminutes20042005san	May-Feb 2004-2005	Meeting minutes
2005	2005	1minutes2005sanf	2005	Minutes
2005	2005	meetingaprmay2005minutes100sanfrich	100	Meeting minutes
2005	2005	meetingjanmar2005minutes100sanfrich	100	Meeting minutes
2005	2005	meetingjuneaugminutes100sanfrich	100	Meeting minutes
2005	2005	meetingminutesb2005sanf_0	April-May 2005	Meeting minutes / Board of Supervisors, City and County of San Francisco
2005	2005	meetingminutesb2005sanf_1	June-August 2005	Meeting minutes / Board of Supervisors, City and County of San Francisco
2005	2005	meetingminutesb2005sanf_2	September-December 2005	Meeting minutes / Board of Supervisors, City and County of San Francisco
2005	2005	meetingminutesbo2005sanf	January-March 2005	Meeting minutes / Board of Supervisors, City and County of San Francisco
2005	2005	meetingminutesdr2005sanf	July-December 2005	Meeting minutes. Draft / Board of Supervisors, City and County of San Francisco
2005	2005	meetingseptdec2005minutes100sanfrich	100 pt. 4	Meeting minutes
2006	2006	1minutes2006sanf	2006	Minutes
2006	2006	meeting2006aprmayminutes101sanfrich	101	Meeting minutes
2006	2006	meetingjanmar2006minutes101sanfrich	101	Meeting minutes
2006	2006	meetingjuneaug2006minutes101sanfrich	101	Meeting minutes
2006	2006	meetingminutes2006sanf	2006	Meeting minutes
2006	2006	meetingminutesb2006sanf_0	April-May 2006	Meeting minutes / Board of Supervisors, City and County of San Francisco
2006	2006	meetingminutesb2006sanf_1	June-August 2006	Meeting minutes / Board of Supervisors, City and County of San Francisco
2006	2006	meetingminutesb2006sanf_3	September-December 2006	Meeting minutes / Board of Supervisors, City and County of San Francisco
2006	2006	meetingminutesbo2006sanf	January-March 2006	Meeting minutes / Board of Supervisors, City and County of San Francisco
2006	2006	meetingminutesd2006sanf_0	July-December 2006	Meeting minutes. Draft / Board of Supervisors, City and County of San Francisco
2006	2006	meetingminutesdr2006sanf	January-June 2006	Meeting minutes. Draft / Board of Supervisors, City and County of San Francisco
2006	2006	meetingseptdec2006minutes101sanfrich	101	Meeting minutes
2007	2007	1minutes2007sanf	2007	Minutes
2007	2007	meeting2007aprmayminutes102sanfrich	102	Meeting minutes
2007	2007	meetingjanmar2007minutes102sanfrich	102	Meeting minutes
2007	2007	meetingjuneaug2007minutes102sanfrich	102	Meeting minutes
2007	2007	meetingminutes102sanfrich	102	Meeting minutes
2007	2007	meetingminutesb2007sanf_0	April-May 2007	Meeting minutes / Board of Supervisors, City and County of San Francisco
2007	2007	meetingminutesb2007sanf_1	June-August 2007	Meeting minutes / Board of Supervisors, City and County of San Francisco
2007	2007	meetingminutesb2007sanf_2	September-December 2007	Meeting minutes / Board of Supervisors, City and County of San Francisco
2007	2007	meetingminutesbo2007sanf	January-March 2007	Meeting minutes / Board of Supervisors, City and County of San Francisco
2007	2007	meetingminutesd2007sanf_0	July-December 2007	Meeting minutes. Draft / Board of Supervisors, City and County of San Francisco
2007	2007	meetingminutesdr2007sanf	January-June 2007	Meeting minutes. Draft / Board of Supervisors, City and County of San Francisco
2008	2008	meetingminutesb2008sanf_0	April-May 2008	Meeting minutes / Board of Supervisors, City and County of San Francisco
2008	2008	meetingminutesb2008sanf_1	June-August 2008	Meeting minutes / Board of Supervisors, City and County of San Francisco
2008	2008	meetingminutesb2008sanf_2	September-December 2008	Meeting minutes / Board of Supervisors, City and County of San Francisco
2008	2008	meetingminutesbo2008sanf	January-March 2008	Meeting minutes / Board of Supervisors, City and County of San Francisco
2008	2008	meetingminutesd2008sanf_0	July-December 2008	Meeting minutes. Draft / Board of Supervisors, City and County of San Francisco
2008	2008	meetingminutesdr2008sanf	January-June 2008	Meeting minutes. Draft / Board of Supervisors, City and County of San Francisco
2008	2008	minutes2008sanf	2008	Minutes
2009	2009	meetingminutesbo2009sanf	2009	Meeting minutes / Board of Supervisors, City and County of San Francisco
2009	2009	meetingminutesd2009sanf_0	July-December 2009	Meeting minutes. Draft / Board of Supervisors, City and County of San Francisco
2009	2009	meetingminutesdr2009sanf	January-June 2009	Meeting minutes. Draft / Board of Supervisors, City and County of San Francisco
2009	2009	minutes2009sanf	2009	Minutes
2010	2010	meetingminutesb2010sanf_0	April-May 2010	Meeting minutes / Board of Supervisors, City and County of San Francisco
2010	2010	meetingminutesb2010sanf_1	June-August 2010	Meeting minutes / Board of Supervisors, City and County of San Francisco
2010	2010	meetingminutesb2010sanf_2	September-December 2010	Meeting minutes / Board of Supervisors, City and County of San Francisco
2010	2010	meetingminutesbo2010sanf	January-March 2010	Meeting minutes / Board of Supervisors, City and County of San Francisco
2010	2010	meetingminutesd2010sanf_0	July-December 2010	Meeting minutes. Draft / Board of Supervisors, City and County of San Francisco
2010	2010	meetingminutesdr2010sanf	January-June 2010	Meeting minutes. Draft / Board of Supervisors, City and County of San Francisco
2010	2010	minutes2010sanf	2010	Minutes
2011	2011	meetingminutesb2011sanf_0	April-May 2011	Meeting minutes / Board of Supervisors, City and County of San Francisco
2011	2011	meetingminutesb2011sanf_1	June-August 2011	Meeting minutes / Board of Supervisors, City and County of San Francisco
2011	2011	meetingminutesb2011sanf_2	September-December 2011	Meeting minutes / Board of Supervisors, City and County of San Francisco
2011	2011	meetingminutesbo2011sanf	January-March 2011	Meeting minutes / Board of Supervisors, City and County of San Francisco
2011	2011	meetingminutesd2011sanf_0	July-December 2011	Meeting minutes. Draft / Board of Supervisors, City and County of San Francisco
2011	2011	meetingminutesdr2011sanf	January-June 2011	Meeting minutes. Draft / Board of Supervisors, City and County of San Francisco
2012	2012	meetingminutesb2012sanf_0	April-May 2012	Meeting minutes / Board of Supervisors, City and County of San Francisco
2012	2012	meetingminutesb2012sanf_1	June-July 2012	Meeting minutes / Board of Supervisors, City and County of San Francisco
2012	2012	meetingminutesb2012sanf_2	September-December 2012	Meeting minutes / Board of Supervisors, City and County of San Francisco
2012	2012	meetingminutesbo2012sanf	January-March 2012	Meeting minutes / Board of Supervisors, City and County of San Francisco
2012	2012	meetingminutesd2012sanf_0	July-December 2012	Meeting minutes. Draft / Board of Supervisors, City and County of San Francisco
2012	2012	meetingminutesdr2012sanf	January-June 2012	Meeting minutes. Draft / Board of Supervisors, City and County of San Francisco
2013	2013	meetingminutesb2013sanf_0	April-May 2013	Meeting minutes / Board of Supervisors, City and County of San Francisco
2013	2013	meetingminutesb2013sanf_1	June-July 2013	Meeting minutes / Board of Supervisors, City and County of San Francisco
2013	2013	meetingminutesb2013sanf_2	September-December 2013	Meeting minutes / Board of Supervisors, City and County of San Francisco
2013	2013	meetingminutesbo2013sanf	January-March 2013	Meeting minutes / Board of Supervisors, City and County of San Francisco
2013	2013	meetingminutesd2013sanf_0	July-December 2013	Meeting minutes. Draft / Board of Supervisors, City and County of San Francisco
2013	2013	meetingminutesdr2013sanf	January-June 2013	Meeting minutes. Draft / Board of Supervisors, City and County of San Francisco
2014	2014	meetingminutesb2014sanf_0	September-December 2014	Meeting minutes / Board of Supervisors, City and County of San Francisco
2014	2014	meetingminutesb2014sanf_1	January-March 2014	Meeting minutes / Board of Supervisors, City and County of San Francisco
2014	2014	meetingminutesb2014sanf_2	April-May 2014	Meeting minutes / Board of Supervisors, City and County of San Francisco
2014	2014	meetingminutesbo2014sanf	June-July 2014	Meeting minutes / Board of Supervisors, City and County of San Francisco
2014	2014	meetingminutesd2014sanf_0	July-December 2014	Meeting minutes. Draft / Board of Supervisors, City and County of San Francisco
2014	2014	meetingminutesdr2014sanf	January-June 2014	Meeting minutes. Draft / Board of Supervisors, City and County of San Francisco
2015	2015	meetingminutesb2015sanf_0	April-May 2015	Meeting minutes / Board of Supervisors, City and County of San Francisco
2015	2015	meetingminutesb2015sanf_1	June-July 2015	Meeting minutes / Board of Supervisors, City and County of San Francisco
2015	2015	meetingminutesb2015sanf_2	September-December 2015	Meeting minutes / Board of Supervisors, City and County of San Francisco
2015	2015	meetingminutesbo2015sanf	January-March 2015	Meeting minutes / Board of Supervisors, City and County of San Francisco
2015	2015	meetingminutesd2015sanf_0	July-December 2015	Meeting minutes. Draft / Board of Supervisors, City and County of San Francisco
2015	2015	meetingminutesdr2015sanf	January-June 2015	Meeting minutes. Draft / Board of Supervisors, City and County of San Francisco
2016	2016	meetingminutesb2016sanf_0	April-May 2016	Meeting minutes / Board of Supervisors, City and County of San Francisco
2016	2016	meetingminutesbo2016sanf	January-March 2016	Meeting minutes / Board of Supervisors, City and County of San Francisco
