niveau,code,tncc,libelle
departement,01,5,Ain
departement,02,5,Aisne
departement,03,5,Allier
departement,04,4,Alpes-de-Haute-Provence
departement,05,4,Hautes-Alpes
departement,06,4,Alpes-Maritimes
departement,07,5,Ardèche
departement,08,4,Ardennes
departement,09,5,Ariège
departement,10,5,Aube
departement,11,5,Aude
departement,12,5,Aveyron
departement,13,4,Bouches-du-Rhône
departement,14,2,Calvados
departement,15,2,Cantal
departement,16,3,Charente
departement,17,3,Charente-Maritime
departement,18,2,Cher
departement,19,3,Corrèze
departement,21,3,Côte-d'Or
departement,22,4,Côtes-d'Armor
departement,23,3,Creuse
departement,24,3,Dordogne
departement,25,2,Doubs
departement,26,3,Drôme
departement,27,5,Eure
departement,28,1,Eure-et-Loir
departement,29,2,Finistère
departement,2A,3,Corse-du-Sud
departement,2B,3,Haute-Corse
departement,30,2,Gard
departement,31,3,Haute-Garonne
departement,32,2,Gers
departement,33,3,Gironde
departement,34,5,Hérault
departement,35,1,Ille-et-Vilaine
departement,36,5,Indre
departement,37,1,Indre-et-Loire
departement,38,5,Isère
departement,39,2,Jura
departement,40,4,Landes
departement,41,2,Loir-et-Cher
departement,42,3,Loire
departement,43,3,Haute-Loire
departement,44,3,Loire-Atlantique
departement,45,2,Loiret
departement,46,2,Lot
departement,47,2,Lot-et-Garonne
departement,48,3,Lozère
departement,49,0,Maine-et-Loire
departement,50,3,Manche
departement,51,3,Marne
departement,52,3,Haute-Marne
departement,53,3,Mayenne
departement,54,0,Meurthe-et-Moselle
departement,55,3,Meuse
departement,56,2,Morbihan
departement,57,3,Moselle
departement,58,3,Nièvre
departement,59,2,Nord
departement,60,5,Oise
departement,61,5,Orne
departement,62,2,Pas-de-Calais
departement,63,2,Puy-de-Dôme
departement,64,4,Pyrénées-Atlantiques
departement,65,4,Hautes-Pyrénées
departement,66,4,Pyrénées-Orientales
departement,67,2,Bas-Rhin
departement,68,2,Haut-Rhin
departement,69,2,Rhône
departement,70,3,Haute-Saône
departement,71,0,Saône-et-Loire
departement,72,3,Sarthe
departement,73,3,Savoie
departement,74,3,Haute-Savoie
departement,75,0,Paris
departement,76,3,Seine-Maritime
departement,77,0,Seine-et-Marne
departement,78,4,Yvelines
departement,79,4,Deux-Sèvres
departement,80,3,Somme
departement,81,2,Tarn
departement,82,2,Tarn-et-Garonne
departement,83,2,Var
departement,84,2,Vaucluse
departement,85,3,Vendée
departement,86,3,Vienne
departement,87,3,Haute-Vienne
departement,88,4,Vosges
departement,89,5,Yonne
departement,90,2,Territoire de Belfort
departement,91,5,Essonne
departement,92,4,Hauts-de-Seine
departement,93,3,Seine-Saint-Denis
departement,94,2,Val-de-Marne
departement,95,2,Val-d'Oise
departement,971,3,Guadeloupe
departement,972,3,Martinique
departement,973,3,Guyane
departement,974,0,La Réunion
departement,976,0,Mayotte
region,01,3,Guadeloupe
region,02,3,Martinique
region,03,3,Guyane
region,04,0,La Réunion
region,06,0,Mayotte
region,11,1,Île-de-France
region,24,2,Centre-Val de Loire
region,27,0,Bourgogne-Franche-Comté
region,28,0,Normandie
region,32,4,Hauts-de-France
region,44,2,Grand Est
region,52,4,Pays de la Loire
region,53,0,Bretagne
region,75,3,Nouvelle-Aquitaine
region,76,1,Occitanie
region,84,1,Auvergne-Rhône-Alpes
region,93,0,Provence-Alpes-Côte d'Azur
region,94,0,Corse
departement,67A,5,Alsace
departement,691,3,Métropole de Lyon
