key,parent_bucket,type,label_fr,label_en,annual_eur,year,source,source_url,notes
cas_pensions_educ_nat,education_recherche,cas_pensions,Pensions des fonctionnaires de l'Éducation nationale,Pensions — National Education civil servants,22000000000,2025,Rapport annuel CAS Pensions PLF 2025 (section 1 civils État),https://www.budget.gouv.fr/documentation/documents-budgetaires/exercice-2025/projet-de-loi-de-finances,
cas_pensions_recherche,education_recherche,cas_pensions,Pensions des fonctionnaires Recherche & ESup,Pensions — Research & Higher Ed civil servants,3000000000,2025,Rapport annuel CAS Pensions PLF 2025,https://www.budget.gouv.fr/documentation/documents-budgetaires/exercice-2025/projet-de-loi-de-finances,
odac_universites,education_recherche,odac_ressources_propres,Universités (ressources propres),Universities (own resources),4000000000,2025,Jaune budgétaire Opérateurs de l'État PLF 2025 — ~70 universités consolidées,https://www.budget.gouv.fr/documentation/documents-budgetaires/exercice-2025/jaunes-budgetaires,
odac_cnrs,education_recherche,odac_ressources_propres,CNRS (ressources propres),CNRS (own resources),1000000000,2025,Jaune budgétaire Opérateurs de l'État PLF 2025,https://www.budget.gouv.fr/documentation/documents-budgetaires/exercice-2025/jaunes-budgetaires,
odac_inserm_inrae_pasteur,education_recherche,odac_ressources_propres,INSERM / INRAE / Institut Pasteur / IRD,INSERM / INRAE / Pasteur / IRD,1500000000,2025,Jaune budgétaire Opérateurs de l'État PLF 2025,https://www.budget.gouv.fr/documentation/documents-budgetaires/exercice-2025/jaunes-budgetaires,
odac_cea_civil,education_recherche,odac_ressources_propres,CEA (part civile),CEA (civil part),2500000000,2025,Jaune budgétaire Opérateurs de l'État PLF 2025,https://www.budget.gouv.fr/documentation/documents-budgetaires/exercice-2025/jaunes-budgetaires,
cas_pensions_militaires,defense,cas_pensions,Pensions militaires (retraite + invalidité),Military pensions (retirement + disability),14000000000,2025,Rapport annuel CAS Pensions PLF 2025 (sections 2 et 3),https://www.budget.gouv.fr/documentation/documents-budgetaires/exercice-2025/projet-de-loi-de-finances,
cas_pensions_interieur,securite,cas_pensions,Pensions Intérieur (police-gendarmerie civile),Pensions — Interior civil servants,6000000000,2025,Rapport annuel CAS Pensions PLF 2025,https://www.budget.gouv.fr/documentation/documents-budgetaires/exercice-2025/projet-de-loi-de-finances,
cas_pensions_justice,justice,cas_pensions,Pensions des fonctionnaires Justice,Pensions — Justice civil servants,1500000000,2025,Rapport annuel CAS Pensions PLF 2025,https://www.budget.gouv.fr/documentation/documents-budgetaires/exercice-2025/projet-de-loi-de-finances,
cas_pensions_solidarite,solidarite_insertion,cas_pensions,Pensions des fonctionnaires Affaires sociales,Pensions — Social Affairs civil servants,2000000000,2025,Rapport annuel CAS Pensions PLF 2025,https://www.budget.gouv.fr/documentation/documents-budgetaires/exercice-2025/projet-de-loi-de-finances,
cas_pensions_travail,travail_emploi,cas_pensions,Pensions des fonctionnaires Travail,Pensions — Labour Ministry civil servants,1500000000,2025,Rapport annuel CAS Pensions PLF 2025,https://www.budget.gouv.fr/documentation/documents-budgetaires/exercice-2025/projet-de-loi-de-finances,
cas_pensions_finances_culture,autres_ministeres,cas_pensions,Pensions Finances / Culture / autres ministères,Pensions — Finance / Culture / other ministries,11500000000,2025,Rapport annuel CAS Pensions PLF 2025,https://www.budget.gouv.fr/documentation/documents-budgetaires/exercice-2025/projet-de-loi-de-finances,
odac_france_competences,travail_emploi,odac_ressources_propres,France Compétences (formation pro & apprentissage),France Compétences (vocational training),10000000000,2025,Jaune budgétaire Opérateurs de l'État PLF 2025,https://www.budget.gouv.fr/documentation/documents-budgetaires/exercice-2025/jaunes-budgetaires,
odac_france_travail,travail_emploi,odac_ressources_propres,France Travail (ressources propres),France Travail (own resources),2000000000,2025,Jaune budgétaire Opérateurs de l'État PLF 2025,https://www.budget.gouv.fr/documentation/documents-budgetaires/exercice-2025/jaunes-budgetaires,
odac_afpa_apec,travail_emploi,odac_ressources_propres,AFPA / APEC (formation et accompagnement),AFPA / APEC,500000000,2025,Jaune budgétaire Opérateurs de l'État PLF 2025,https://www.budget.gouv.fr/documentation/documents-budgetaires/exercice-2025/jaunes-budgetaires,
odac_ademe,ecologie_logement_transports,odac_ressources_propres,ADEME (Agence transition écologique),ADEME (Ecological Transition Agency),1000000000,2025,Jaune budgétaire Opérateurs de l'État PLF 2025,https://www.budget.gouv.fr/documentation/documents-budgetaires/exercice-2025/jaunes-budgetaires,
odac_ofb_vnf_anses,ecologie_logement_transports,odac_ressources_propres,OFB / VNF / ANSES,OFB / VNF / ANSES,1000000000,2025,Jaune budgétaire Opérateurs de l'État PLF 2025,https://www.budget.gouv.fr/documentation/documents-budgetaires/exercice-2025/jaunes-budgetaires,
budget_annexe_aviation,ecologie_logement_transports,budget_annexe,Budget annexe Contrôle aérien (DGAC),Annex budget — Air traffic control (DGAC),2200000000,2025,PLF 2025 Budget annexe Contrôle et exploitation aériens,https://www.budget.gouv.fr/documentation/documents-budgetaires/exercice-2025/projet-de-loi-de-finances,
odac_afd,autres_ministeres,odac_ressources_propres,AFD (Agence française de développement),AFD (French Development Agency),3000000000,2025,Jaune budgétaire Opérateurs de l'État PLF 2025,https://www.budget.gouv.fr/documentation/documents-budgetaires/exercice-2025/jaunes-budgetaires,
odac_bpifrance,autres_ministeres,odac_ressources_propres,Bpifrance (banque publique d'investissement),Bpifrance (public investment bank),1000000000,2025,Jaune budgétaire Opérateurs de l'État PLF 2025,https://www.budget.gouv.fr/documentation/documents-budgetaires/exercice-2025/jaunes-budgetaires,
odac_asp,autres_ministeres,odac_ressources_propres,ASP (Agence de services et paiement),ASP (Service & payment agency),1000000000,2025,Jaune budgétaire Opérateurs de l'État PLF 2025,https://www.budget.gouv.fr/documentation/documents-budgetaires/exercice-2025/jaunes-budgetaires,
psr_ue,contribution_ue,psr_ue,Contribution Union européenne (PSR-UE brut),European Union contribution (gross),23300000000,2025,PLF 2025 Voies et Moyens tome I — Prélèvement sur Recettes au profit de l'UE,https://www.budget.gouv.fr/documentation/documents-budgetaires/exercice-2025/projet-de-loi-de-finances,"Contribution nette ~10 Md€ après fonds européens reçus (PAC, FEDER/FSE, Horizon, NextGenerationEU)."
autres_odac_residuel,autres_etat_hors_plf,residuel,Autres opérateurs & flux non rattachables,Other operators & unallocated flows,113000000000,2025,Eurostat S1311 - PLF - overlay items ci-dessus,https://ec.europa.eu/eurostat/databrowser/view/gov_10a_main/default/table,"~460 opérateurs ODAC long tail (~30 Md€), autres CAS hors Pensions (~10 Md€), régies financières (~10 Md€), transferts inter-administratifs et écarts consolidation Eurostat (~63 Md€). À détailler en Phase 2 avec catalogage complet du jaune budgétaire."
