exercice_comptable,actif_passif,poste,detail,brut,amortissements_et_provisions,net,source_pdf,source_page
2025,ACTIF,ACTIF IMMOBILISE,Subventions d'investissement versées,6342243223.99,2761859601.92,3580383622.07,https://cdn.paris.fr/paris/2026/07/01/annexe-aux-etats-financiers-2025-kScZ.pdf,6
2025,ACTIF,ACTIF IMMOBILISE,Autres immobilisations incorporelles,707033331.82,500169088.20,206864243.62,https://cdn.paris.fr/paris/2026/07/01/annexe-aux-etats-financiers-2025-kScZ.pdf,6
2025,ACTIF,ACTIF IMMOBILISE,Immobilisations incorporelles en cours,268967949.22,,268967949.22,https://cdn.paris.fr/paris/2026/07/01/annexe-aux-etats-financiers-2025-kScZ.pdf,6
2025,ACTIF,ACTIF IMMOBILISE,Terrains,7470318333.96,4220.40,7470314113.56,https://cdn.paris.fr/paris/2026/07/01/annexe-aux-etats-financiers-2025-kScZ.pdf,6
2025,ACTIF,ACTIF IMMOBILISE,Constructions,12886501548.34,295250542.09,12591251006.25,https://cdn.paris.fr/paris/2026/07/01/annexe-aux-etats-financiers-2025-kScZ.pdf,6
2025,ACTIF,ACTIF IMMOBILISE,Réseaux et installations de voirie,6506644191.11,,6506644191.11,https://cdn.paris.fr/paris/2026/07/01/annexe-aux-etats-financiers-2025-kScZ.pdf,6
2025,ACTIF,ACTIF IMMOBILISE,Réseaux divers,861606449.59,,861606449.59,https://cdn.paris.fr/paris/2026/07/01/annexe-aux-etats-financiers-2025-kScZ.pdf,6
2025,ACTIF,ACTIF IMMOBILISE,"Installations techniques, agencements et matériel",398227198.67,139181493.56,259045705.11,https://cdn.paris.fr/paris/2026/07/01/annexe-aux-etats-financiers-2025-kScZ.pdf,6
2025,ACTIF,ACTIF IMMOBILISE,Immobilisations mises en concessions ou affermées,1034845189.82,,1034845189.82,https://cdn.paris.fr/paris/2026/07/01/annexe-aux-etats-financiers-2025-kScZ.pdf,6
2025,ACTIF,ACTIF IMMOBILISE,Autres immobilisations corporelles,876689246.18,247767519.18,628921727.00,https://cdn.paris.fr/paris/2026/07/01/annexe-aux-etats-financiers-2025-kScZ.pdf,6
2025,ACTIF,ACTIF IMMOBILISE,Immobilisations corporelles en cours,903124022.72,,903124022.72,https://cdn.paris.fr/paris/2026/07/01/annexe-aux-etats-financiers-2025-kScZ.pdf,6
2025,ACTIF,ACTIF IMMOBILISE,Droits de retour relatifs aux biens mis à disposition ou affectés,13002907023.88,,13002907023.88,https://cdn.paris.fr/paris/2026/07/01/annexe-aux-etats-financiers-2025-kScZ.pdf,6
2025,ACTIF,ACTIF IMMOBILISE,Immobilisations financières,862309403.63,29931934.14,832377469.49,https://cdn.paris.fr/paris/2026/07/01/annexe-aux-etats-financiers-2025-kScZ.pdf,6
2025,ACTIF,ACTIF CIRCULANT,"Créances sur des entités publiques, des organismes internationaux et la Commission européenne",26848487.03,,26848487.03,https://cdn.paris.fr/paris/2026/07/01/annexe-aux-etats-financiers-2025-kScZ.pdf,6
2025,ACTIF,ACTIF CIRCULANT,Créances sur les redevables et comptes rattachés,315394024.19,122085779.00,193308245.19,https://cdn.paris.fr/paris/2026/07/01/annexe-aux-etats-financiers-2025-kScZ.pdf,6
2025,ACTIF,ACTIF CIRCULANT,Créances correspondant à des opérations pour compte de tiers,359385067.79,,359385067.79,https://cdn.paris.fr/paris/2026/07/01/annexe-aux-etats-financiers-2025-kScZ.pdf,6
2025,ACTIF,ACTIF CIRCULANT,Créances sur budgets annexes,71424700.82,,71424700.82,https://cdn.paris.fr/paris/2026/07/01/annexe-aux-etats-financiers-2025-kScZ.pdf,6
2025,ACTIF,ACTIF CIRCULANT,Créances sur les autres débiteurs,289009235.52,,289009235.52,https://cdn.paris.fr/paris/2026/07/01/annexe-aux-etats-financiers-2025-kScZ.pdf,6
2025,ACTIF,ACTIF CIRCULANT,Charges constatées d'avance,11695527.22,,11695527.22,https://cdn.paris.fr/paris/2026/07/01/annexe-aux-etats-financiers-2025-kScZ.pdf,6
2025,ACTIF,TRESORERIE,Disponibilités,334208195.14,,334208195.14,https://cdn.paris.fr/paris/2026/07/01/annexe-aux-etats-financiers-2025-kScZ.pdf,6
2025,ACTIF,COMPTES DE REGULARISATION,Comptes de régularisation (dont primes de remboursement des obligations),32991219.02,,32991219.02,https://cdn.paris.fr/paris/2026/07/01/annexe-aux-etats-financiers-2025-kScZ.pdf,6
2025,PASSIF,FONDS PROPRES,Apports non rattachés a un actif déterminé - Dotations,11471385253.28,,11471385253.28,https://cdn.paris.fr/paris/2026/07/01/annexe-aux-etats-financiers-2025-kScZ.pdf,7
2025,PASSIF,FONDS PROPRES,Apports non rattachés a un actif déterminé - Fonds globalisés,5190320361.16,,5190320361.16,https://cdn.paris.fr/paris/2026/07/01/annexe-aux-etats-financiers-2025-kScZ.pdf,7
2025,PASSIF,FONDS PROPRES,Subventions d'investissement - Rattachées à un actif amortissable,414140400.31,,414140400.31,https://cdn.paris.fr/paris/2026/07/01/annexe-aux-etats-financiers-2025-kScZ.pdf,7
2025,PASSIF,FONDS PROPRES,Subventions d'investissement - Rattachées à un actif non amortissable,2921610956.10,,2921610956.10,https://cdn.paris.fr/paris/2026/07/01/annexe-aux-etats-financiers-2025-kScZ.pdf,7
2025,PASSIF,FONDS PROPRES,Neutralisations et régularisations,3308937731.76,,3308937731.76,https://cdn.paris.fr/paris/2026/07/01/annexe-aux-etats-financiers-2025-kScZ.pdf,7
2025,PASSIF,FONDS PROPRES,Réserves,12489604570.55,,12489604570.55,https://cdn.paris.fr/paris/2026/07/01/annexe-aux-etats-financiers-2025-kScZ.pdf,7
2025,PASSIF,FONDS PROPRES,Report à nouveau,-120658423.36,,-120658423.36,https://cdn.paris.fr/paris/2026/07/01/annexe-aux-etats-financiers-2025-kScZ.pdf,7
2025,PASSIF,FONDS PROPRES,Résultat de l'exercice,343084532.87,,343084532.87,https://cdn.paris.fr/paris/2026/07/01/annexe-aux-etats-financiers-2025-kScZ.pdf,7
2025,PASSIF,FONDS PROPRES,Droits du concédant et de l'affermant,64364644.30,,64364644.30,https://cdn.paris.fr/paris/2026/07/01/annexe-aux-etats-financiers-2025-kScZ.pdf,7
2025,PASSIF,FONDS PROPRES,Droits de l'affectant et du remettant,751470786.85,,751470786.85,https://cdn.paris.fr/paris/2026/07/01/annexe-aux-etats-financiers-2025-kScZ.pdf,7
2025,PASSIF,PROVISIONS POUR RISQUES ET CHARGES,Provisions pour risques,88353281.65,,88353281.65,https://cdn.paris.fr/paris/2026/07/01/annexe-aux-etats-financiers-2025-kScZ.pdf,7
2025,PASSIF,DETTES FINANCIERES,Emprunts obligataires,8901000313.12,,8901000313.12,https://cdn.paris.fr/paris/2026/07/01/annexe-aux-etats-financiers-2025-kScZ.pdf,7
2025,PASSIF,DETTES FINANCIERES,Emprunts souscrits auprès des établissements de crédit,500389615.06,,500389615.06,https://cdn.paris.fr/paris/2026/07/01/annexe-aux-etats-financiers-2025-kScZ.pdf,7
2025,PASSIF,DETTES FINANCIERES,Dettes financières et autres emprunts,2063379256.03,,2063379256.03,https://cdn.paris.fr/paris/2026/07/01/annexe-aux-etats-financiers-2025-kScZ.pdf,7
2025,PASSIF,DETTES NON FINANCIERES,Dettes fournisseurs et comptes rattachés,97777405.60,,97777405.60,https://cdn.paris.fr/paris/2026/07/01/annexe-aux-etats-financiers-2025-kScZ.pdf,7
2025,PASSIF,DETTES NON FINANCIERES,Dettes fiscales et sociales,33582469.31,,33582469.31,https://cdn.paris.fr/paris/2026/07/01/annexe-aux-etats-financiers-2025-kScZ.pdf,7
2025,PASSIF,DETTES NON FINANCIERES,Dettes correspondant à des opérations pour compte de tiers,342542296.33,,342542296.33,https://cdn.paris.fr/paris/2026/07/01/annexe-aux-etats-financiers-2025-kScZ.pdf,7
2025,PASSIF,DETTES NON FINANCIERES,Fonds gérés par la collectivité,5652.19,,5652.19,https://cdn.paris.fr/paris/2026/07/01/annexe-aux-etats-financiers-2025-kScZ.pdf,7
2025,PASSIF,DETTES NON FINANCIERES,Dettes sur budgets annexes,27572741.14,,27572741.14,https://cdn.paris.fr/paris/2026/07/01/annexe-aux-etats-financiers-2025-kScZ.pdf,7
2025,PASSIF,DETTES NON FINANCIERES,Autres dettes non financières,23631428.33,,23631428.33,https://cdn.paris.fr/paris/2026/07/01/annexe-aux-etats-financiers-2025-kScZ.pdf,7
2025,PASSIF,DETTES NON FINANCIERES,Produits constatés d'avance,11695527.22,,11695527.22,https://cdn.paris.fr/paris/2026/07/01/annexe-aux-etats-financiers-2025-kScZ.pdf,7
2025,PASSIF,TRESORERIE,Autres éléments de trésorerie passive,430000000.00,,430000000.00,https://cdn.paris.fr/paris/2026/07/01/annexe-aux-etats-financiers-2025-kScZ.pdf,7
2025,PASSIF,COMPTES DE REGULARISATION,Comptes de régularisation,111932591.37,,111932591.37,https://cdn.paris.fr/paris/2026/07/01/annexe-aux-etats-financiers-2025-kScZ.pdf,7
