arrondissement,label,annee,logements_sociaux,taux_pct_publie,source,source_url,licence
1,1er,2025,1319,12.2,"APUR - Les chiffres du logement social à Paris au 1er janvier 2025 (note n°292, juin 2026, carte par arrondissement)",https://www.apur.org/sites/default/files/2026-06/4p292_Chiffres_logement_social_Paris_2025.pdf,Publication APUR (chiffres cités avec leur source)
2,2e,2025,897,6.4,"APUR - Les chiffres du logement social à Paris au 1er janvier 2025 (note n°292, juin 2026, carte par arrondissement)",https://www.apur.org/sites/default/files/2026-06/4p292_Chiffres_logement_social_Paris_2025.pdf,Publication APUR (chiffres cités avec leur source)
3,3e,2025,1841,8.7,"APUR - Les chiffres du logement social à Paris au 1er janvier 2025 (note n°292, juin 2026, carte par arrondissement)",https://www.apur.org/sites/default/files/2026-06/4p292_Chiffres_logement_social_Paris_2025.pdf,Publication APUR (chiffres cités avec leur source)
4,4e,2025,2561,14.5,"APUR - Les chiffres du logement social à Paris au 1er janvier 2025 (note n°292, juin 2026, carte par arrondissement)",https://www.apur.org/sites/default/files/2026-06/4p292_Chiffres_logement_social_Paris_2025.pdf,Publication APUR (chiffres cités avec leur source)
5,5e,2025,3320,9.9,"APUR - Les chiffres du logement social à Paris au 1er janvier 2025 (note n°292, juin 2026, carte par arrondissement)",https://www.apur.org/sites/default/files/2026-06/4p292_Chiffres_logement_social_Paris_2025.pdf,Publication APUR (chiffres cités avec leur source)
6,6e,2025,983,3.9,"APUR - Les chiffres du logement social à Paris au 1er janvier 2025 (note n°292, juin 2026, carte par arrondissement)",https://www.apur.org/sites/default/files/2026-06/4p292_Chiffres_logement_social_Paris_2025.pdf,Publication APUR (chiffres cités avec leur source)
7,7e,2025,904,2.9,"APUR - Les chiffres du logement social à Paris au 1er janvier 2025 (note n°292, juin 2026, carte par arrondissement)",https://www.apur.org/sites/default/files/2026-06/4p292_Chiffres_logement_social_Paris_2025.pdf,Publication APUR (chiffres cités avec leur source)
8,8e,2025,960,4.3,"APUR - Les chiffres du logement social à Paris au 1er janvier 2025 (note n°292, juin 2026, carte par arrondissement)",https://www.apur.org/sites/default/files/2026-06/4p292_Chiffres_logement_social_Paris_2025.pdf,Publication APUR (chiffres cités avec leur source)
9,9e,2025,2667,7.7,"APUR - Les chiffres du logement social à Paris au 1er janvier 2025 (note n°292, juin 2026, carte par arrondissement)",https://www.apur.org/sites/default/files/2026-06/4p292_Chiffres_logement_social_Paris_2025.pdf,Publication APUR (chiffres cités avec leur source)
10,10e,2025,8542,16.6,"APUR - Les chiffres du logement social à Paris au 1er janvier 2025 (note n°292, juin 2026, carte par arrondissement)",https://www.apur.org/sites/default/files/2026-06/4p292_Chiffres_logement_social_Paris_2025.pdf,Publication APUR (chiffres cités avec leur source)
11,11e,2025,13344,15.2,"APUR - Les chiffres du logement social à Paris au 1er janvier 2025 (note n°292, juin 2026, carte par arrondissement)",https://www.apur.org/sites/default/files/2026-06/4p292_Chiffres_logement_social_Paris_2025.pdf,Publication APUR (chiffres cités avec leur source)
12,12e,2025,20632,26.8,"APUR - Les chiffres du logement social à Paris au 1er janvier 2025 (note n°292, juin 2026, carte par arrondissement)",https://www.apur.org/sites/default/files/2026-06/4p292_Chiffres_logement_social_Paris_2025.pdf,Publication APUR (chiffres cités avec leur source)
13,13e,2025,40053,43.0,"APUR - Les chiffres du logement social à Paris au 1er janvier 2025 (note n°292, juin 2026, carte par arrondissement)",https://www.apur.org/sites/default/files/2026-06/4p292_Chiffres_logement_social_Paris_2025.pdf,Publication APUR (chiffres cités avec leur source)
14,14e,2025,22780,30.5,"APUR - Les chiffres du logement social à Paris au 1er janvier 2025 (note n°292, juin 2026, carte par arrondissement)",https://www.apur.org/sites/default/files/2026-06/4p292_Chiffres_logement_social_Paris_2025.pdf,Publication APUR (chiffres cités avec leur source)
15,15e,2025,26680,20.3,"APUR - Les chiffres du logement social à Paris au 1er janvier 2025 (note n°292, juin 2026, carte par arrondissement)",https://www.apur.org/sites/default/files/2026-06/4p292_Chiffres_logement_social_Paris_2025.pdf,Publication APUR (chiffres cités avec leur source)
16,16e,2025,6301,7.0,"APUR - Les chiffres du logement social à Paris au 1er janvier 2025 (note n°292, juin 2026, carte par arrondissement)",https://www.apur.org/sites/default/files/2026-06/4p292_Chiffres_logement_social_Paris_2025.pdf,Publication APUR (chiffres cités avec leur source)
17,17e,2025,17637,18.9,"APUR - Les chiffres du logement social à Paris au 1er janvier 2025 (note n°292, juin 2026, carte par arrondissement)",https://www.apur.org/sites/default/files/2026-06/4p292_Chiffres_logement_social_Paris_2025.pdf,Publication APUR (chiffres cités avec leur source)
18,18e,2025,26041,24.5,"APUR - Les chiffres du logement social à Paris au 1er janvier 2025 (note n°292, juin 2026, carte par arrondissement)",https://www.apur.org/sites/default/files/2026-06/4p292_Chiffres_logement_social_Paris_2025.pdf,Publication APUR (chiffres cités avec leur source)
19,19e,2025,38414,43.2,"APUR - Les chiffres du logement social à Paris au 1er janvier 2025 (note n°292, juin 2026, carte par arrondissement)",https://www.apur.org/sites/default/files/2026-06/4p292_Chiffres_logement_social_Paris_2025.pdf,Publication APUR (chiffres cités avec leur source)
20,20e,2025,40156,41.7,"APUR - Les chiffres du logement social à Paris au 1er janvier 2025 (note n°292, juin 2026, carte par arrondissement)",https://www.apur.org/sites/default/files/2026-06/4p292_Chiffres_logement_social_Paris_2025.pdf,Publication APUR (chiffres cités avec leur source)
