annee,section,sens_flux,chapitre_code,montant_imprime,source_pdf,source_page
2025,Investissement,Dépense,900,160852424.14,ca-2025-budget-general-compte-sur-chiffres-et-annexes-tome-1-dhHz.pdf,31
2025,Investissement,Dépense,9005,0.00,ca-2025-budget-general-compte-sur-chiffres-et-annexes-tome-1-dhHz.pdf,31
2025,Investissement,Dépense,901,18496177.39,ca-2025-budget-general-compte-sur-chiffres-et-annexes-tome-1-dhHz.pdf,31
2025,Investissement,Dépense,902,109035397.23,ca-2025-budget-general-compte-sur-chiffres-et-annexes-tome-1-dhHz.pdf,31
2025,Investissement,Dépense,903,183711423.56,ca-2025-budget-general-compte-sur-chiffres-et-annexes-tome-1-dhHz.pdf,31
2025,Investissement,Dépense,904,66622850.38,ca-2025-budget-general-compte-sur-chiffres-et-annexes-tome-1-dhHz.pdf,31
2025,Investissement,Dépense,9044,415690.43,ca-2025-budget-general-compte-sur-chiffres-et-annexes-tome-1-dhHz.pdf,31
2025,Investissement,Dépense,905,760967746.67,ca-2025-budget-general-compte-sur-chiffres-et-annexes-tome-1-dhHz.pdf,31
2025,Investissement,Dépense,906,11876498.40,ca-2025-budget-general-compte-sur-chiffres-et-annexes-tome-1-dhHz.pdf,31
2025,Investissement,Dépense,907,96703729.44,ca-2025-budget-general-compte-sur-chiffres-et-annexes-tome-1-dhHz.pdf,31
2025,Investissement,Dépense,908,150105693.01,ca-2025-budget-general-compte-sur-chiffres-et-annexes-tome-1-dhHz.pdf,31
2025,Investissement,Dépense,921,665144.96,ca-2025-budget-general-compte-sur-chiffres-et-annexes-tome-1-dhHz.pdf,31
2025,Investissement,Dépense,922,56096.26,ca-2025-budget-general-compte-sur-chiffres-et-annexes-tome-1-dhHz.pdf,31
2025,Investissement,Dépense,923,543448891.52,ca-2025-budget-general-compte-sur-chiffres-et-annexes-tome-1-dhHz.pdf,31
2025,Investissement,Recette,900,1092513.62,ca-2025-budget-general-compte-sur-chiffres-et-annexes-tome-1-dhHz.pdf,33
2025,Investissement,Recette,9005,0.00,ca-2025-budget-general-compte-sur-chiffres-et-annexes-tome-1-dhHz.pdf,33
2025,Investissement,Recette,901,118197.62,ca-2025-budget-general-compte-sur-chiffres-et-annexes-tome-1-dhHz.pdf,33
2025,Investissement,Recette,902,6029298.41,ca-2025-budget-general-compte-sur-chiffres-et-annexes-tome-1-dhHz.pdf,33
2025,Investissement,Recette,903,33321497.04,ca-2025-budget-general-compte-sur-chiffres-et-annexes-tome-1-dhHz.pdf,33
2025,Investissement,Recette,904,10827212.15,ca-2025-budget-general-compte-sur-chiffres-et-annexes-tome-1-dhHz.pdf,33
2025,Investissement,Recette,9044,0.00,ca-2025-budget-general-compte-sur-chiffres-et-annexes-tome-1-dhHz.pdf,33
2025,Investissement,Recette,905,66582272.92,ca-2025-budget-general-compte-sur-chiffres-et-annexes-tome-1-dhHz.pdf,33
2025,Investissement,Recette,906,411172.83,ca-2025-budget-general-compte-sur-chiffres-et-annexes-tome-1-dhHz.pdf,33
2025,Investissement,Recette,907,2787961.86,ca-2025-budget-general-compte-sur-chiffres-et-annexes-tome-1-dhHz.pdf,33
2025,Investissement,Recette,908,23151659.33,ca-2025-budget-general-compte-sur-chiffres-et-annexes-tome-1-dhHz.pdf,33
2025,Investissement,Recette,921,2892686.77,ca-2025-budget-general-compte-sur-chiffres-et-annexes-tome-1-dhHz.pdf,33
2025,Investissement,Recette,922,160069035.46,ca-2025-budget-general-compte-sur-chiffres-et-annexes-tome-1-dhHz.pdf,33
2025,Investissement,Recette,923,1192412697.43,ca-2025-budget-general-compte-sur-chiffres-et-annexes-tome-1-dhHz.pdf,33
2025,Fonctionnement,Dépense,930,896953119.67,ca-2025-budget-general-compte-sur-chiffres-et-annexes-tome-1-dhHz.pdf,72
2025,Fonctionnement,Dépense,9305,283098.91,ca-2025-budget-general-compte-sur-chiffres-et-annexes-tome-1-dhHz.pdf,72
2025,Fonctionnement,Dépense,931,483583650.33,ca-2025-budget-general-compte-sur-chiffres-et-annexes-tome-1-dhHz.pdf,72
2025,Fonctionnement,Dépense,932,864466028.15,ca-2025-budget-general-compte-sur-chiffres-et-annexes-tome-1-dhHz.pdf,72
2025,Fonctionnement,Dépense,933,633083505.05,ca-2025-budget-general-compte-sur-chiffres-et-annexes-tome-1-dhHz.pdf,72
2025,Fonctionnement,Dépense,934,2065830524.71,ca-2025-budget-general-compte-sur-chiffres-et-annexes-tome-1-dhHz.pdf,72
2025,Fonctionnement,Dépense,9343,141169442.67,ca-2025-budget-general-compte-sur-chiffres-et-annexes-tome-1-dhHz.pdf,72
2025,Fonctionnement,Dépense,9344,459405037.02,ca-2025-budget-general-compte-sur-chiffres-et-annexes-tome-1-dhHz.pdf,72
2025,Fonctionnement,Dépense,935,286961666.62,ca-2025-budget-general-compte-sur-chiffres-et-annexes-tome-1-dhHz.pdf,72
2025,Fonctionnement,Dépense,936,77036603.97,ca-2025-budget-general-compte-sur-chiffres-et-annexes-tome-1-dhHz.pdf,72
2025,Fonctionnement,Dépense,937,790213037.26,ca-2025-budget-general-compte-sur-chiffres-et-annexes-tome-1-dhHz.pdf,72
2025,Fonctionnement,Dépense,938,735832769.57,ca-2025-budget-general-compte-sur-chiffres-et-annexes-tome-1-dhHz.pdf,72
2025,Fonctionnement,Dépense,940,1327300748.00,ca-2025-budget-general-compte-sur-chiffres-et-annexes-tome-1-dhHz.pdf,72
2025,Fonctionnement,Dépense,941,305824944.00,ca-2025-budget-general-compte-sur-chiffres-et-annexes-tome-1-dhHz.pdf,72
2025,Fonctionnement,Dépense,942,23091985.00,ca-2025-budget-general-compte-sur-chiffres-et-annexes-tome-1-dhHz.pdf,73
2025,Fonctionnement,Dépense,943,214920287.60,ca-2025-budget-general-compte-sur-chiffres-et-annexes-tome-1-dhHz.pdf,73
2025,Fonctionnement,Dépense,944,3592061.86,ca-2025-budget-general-compte-sur-chiffres-et-annexes-tome-1-dhHz.pdf,73
2025,Fonctionnement,Dépense,945,0.00,ca-2025-budget-general-compte-sur-chiffres-et-annexes-tome-1-dhHz.pdf,73
2025,Fonctionnement,Recette,930,263271328.64,ca-2025-budget-general-compte-sur-chiffres-et-annexes-tome-1-dhHz.pdf,74
2025,Fonctionnement,Recette,9305,1049052.86,ca-2025-budget-general-compte-sur-chiffres-et-annexes-tome-1-dhHz.pdf,74
2025,Fonctionnement,Recette,931,2750062.44,ca-2025-budget-general-compte-sur-chiffres-et-annexes-tome-1-dhHz.pdf,74
2025,Fonctionnement,Recette,932,70660790.70,ca-2025-budget-general-compte-sur-chiffres-et-annexes-tome-1-dhHz.pdf,74
2025,Fonctionnement,Recette,933,128690466.07,ca-2025-budget-general-compte-sur-chiffres-et-annexes-tome-1-dhHz.pdf,74
2025,Fonctionnement,Recette,934,343164770.25,ca-2025-budget-general-compte-sur-chiffres-et-annexes-tome-1-dhHz.pdf,74
2025,Fonctionnement,Recette,9343,58052336.58,ca-2025-budget-general-compte-sur-chiffres-et-annexes-tome-1-dhHz.pdf,74
2025,Fonctionnement,Recette,9344,269026569.64,ca-2025-budget-general-compte-sur-chiffres-et-annexes-tome-1-dhHz.pdf,74
2025,Fonctionnement,Recette,935,443314909.42,ca-2025-budget-general-compte-sur-chiffres-et-annexes-tome-1-dhHz.pdf,74
2025,Fonctionnement,Recette,936,268077781.07,ca-2025-budget-general-compte-sur-chiffres-et-annexes-tome-1-dhHz.pdf,74
2025,Fonctionnement,Recette,937,825595274.01,ca-2025-budget-general-compte-sur-chiffres-et-annexes-tome-1-dhHz.pdf,74
2025,Fonctionnement,Recette,938,478802945.25,ca-2025-budget-general-compte-sur-chiffres-et-annexes-tome-1-dhHz.pdf,74
2025,Fonctionnement,Recette,940,3944422031.00,ca-2025-budget-general-compte-sur-chiffres-et-annexes-tome-1-dhHz.pdf,74
2025,Fonctionnement,Recette,941,3029006349.05,ca-2025-budget-general-compte-sur-chiffres-et-annexes-tome-1-dhHz.pdf,74
2025,Fonctionnement,Recette,942,146025614.34,ca-2025-budget-general-compte-sur-chiffres-et-annexes-tome-1-dhHz.pdf,74
2025,Fonctionnement,Recette,943,38622336.65,ca-2025-budget-general-compte-sur-chiffres-et-annexes-tome-1-dhHz.pdf,74
2025,Fonctionnement,Recette,944,0.00,ca-2025-budget-general-compte-sur-chiffres-et-annexes-tome-1-dhHz.pdf,74
2025,Fonctionnement,Recette,945,0.00,ca-2025-budget-general-compte-sur-chiffres-et-annexes-tome-1-dhHz.pdf,74
