axe,code,libelle,source_pdf,source_page
fonction,045,Actions internationales,ca-2025-budget-general-compte-sur-chiffres-et-annexes-tome-1-dhHz.pdf,77
fonction,848,Parkings,ca-2025-budget-general-compte-sur-chiffres-et-annexes-tome-1-dhHz.pdf,101
fonction,3271,Soutien aux sportifs de haut niveau,ca-2025-budget-general-compte-sur-chiffres-et-annexes-tome-1-dhHz.pdf,84
fonction,3272,Soutien aux clubs amateurs,ca-2025-budget-general-compte-sur-chiffres-et-annexes-tome-1-dhHz.pdf,84
fonction,6318,"Agriculture, pêche et agro-alimentaire - Autres",ca-2025-budget-general-compte-sur-chiffres-et-annexes-tome-1-dhHz.pdf,94
nature,2154,Voies navigables,ca-2025-budget-general-compte-sur-chiffres-et-annexes-tome-1-dhHz.pdf,142
nature,4581,Opérations sous mandat - Dépenses,ca-2025-budget-general-compte-sur-chiffres-et-annexes-tome-1-dhHz.pdf,122
nature,4582,Opérations sous mandat - Recettes,ca-2025-budget-general-compte-sur-chiffres-et-annexes-tome-1-dhHz.pdf,123
nature,6237,Publications,ca-2025-budget-general-compte-sur-chiffres-et-annexes-tome-1-dhHz.pdf,167
nature,6585,Intérêts moratoires,ca-2025-budget-general-compte-sur-chiffres-et-annexes-tome-1-dhHz.pdf,169
nature,65743,Subventions de fonctionnement aux fermiers et concessionnaires,ca-2025-budget-general-compte-sur-chiffres-et-annexes-tome-1-dhHz.pdf,186
nature,628722,Remboursements de frais aux régies avec personnalité morale,ca-2025-budget-general-compte-sur-chiffres-et-annexes-tome-1-dhHz.pdf,254
nature,70873,Remboursements de frais par le CCAS/CIAS,ca-2025-budget-general-compte-sur-chiffres-et-annexes-tome-1-dhHz.pdf,169
nature,73158,"Autres taxes liées aux transports, aux véhicules et aux droits de stationnement",ca-2025-budget-general-compte-sur-chiffres-et-annexes-tome-1-dhHz.pdf,104
