# rank	n	form  — the rank->form mapping pass A's labels were made against.
# Frozen 2026-09-03 from the 124,284-row corpus. The label file is keyed by
# RANK, and rank moves when the corpus grows, so the mapping is pinned here
# once and read by form STRING from now on. Do not regenerate against a
# different corpus: that silently reattaches 300 hand labels to other forms.
1	1750	ordinance of of said city and county of san francisco does hereby determine and declare that
2	1746	resolution no as follows resolved that the following amounts be and the same are hereby set
3	1465	resolution no as follows resolved that the sum of be and the same is hereby set
4	1006	ordinance no entitled regulating the width of sidewalks approved december be and is hereby amended in
5	915	ordinance of said city and county of san francisco said work to be performed under the
6	461	resolution no as follows resolved that the following amounts be and the same are hereby authorized
7	445	ordinance task force dr carlton b room san francisco ca by phone at by fax at
8	413	ordinance no the title of which is above recited is hereby amended as follows section of
9	406	ordinance please contact the san francisco ethics commission at van suite san francisco ca telephone fax
10	379	resolution no as follows resolved that the following revocable permits be and are hereby granted oil
11	299	resolution no as follows resolved that in the exercise of the sound and reasonable discretion of
12	267	resolution no for premises at the rights granted under this resolution shall be exercised within six
13	253	resolution no as follows resolved that the following expenditures be and the same are hereby authorized
14	234	resolution no as follows resolved in accordance with the recommendation of the department of public works
15	227	ordinance no as follows ordering the performance of work to be done in the city and
16	197	ordinance no passed for second reading by the following vote ayes joseph sullivan john j sullivan
17	171	ordinance no as follows establishing set back lines along portions of and be it ordained by
18	162	motion no approving a conditional use authorization identified as planning case no cua for a proposed
19	161	resolution no adopted by the following vote ayes chan dorsey engardio mandelman melgar peskin preston ronen
20	154	resolution declaring the intent of the city and county of san francisco city to reimburse certain
21	153	motion directing the clerk of the board to prepare findings relating to proposed conditional use application
22	147	ordinance no as follows granting permission revocable at will of the board of be it ordained
23	144	ordinance adopting changes in property use classification as an amendment to the zoning map of the
24	140	motion no m
25	136	resolution no as follows resolved that the pacific gas and electric company be and it is
26	132	ordinance no provided also that said blasts shall be exploded only between the hours of a
27	132	ordinance of of said city and county of san francisco said work to be performed under
28	124	ordinance no setback lines are hereby established as follows along the westerly side of commencing at
29	112	ordinance no entitled ordering the performance of work to be done in the city and county
30	111	resolution no as follows resolved that the pacific gas and electric company is hereby instructed to
31	111	resolution no as follows resolved that in accordance with the recommendation of his honor the mayor
32	109	ordinance no and the penalties for the violation of this ordinance shall be as fixed by
33	107	resolution no adopted by the following vote ayes absent authorizing purchase of certain real property from
34	104	motion be continued to the board of the motion carried by the following vote ayes fewer
35	101	motion directing the clerk of the board to prepare findings related to the appeal of the
36	100	resolution no authorizing the following expenditures to be made out of the general fund of the
37	99	motion no m approved
38	98	motion be continued to the board of the motion carried by the following vote ayes chan
39	97	resolution authorizing the director of the department of public works to take necessary measures to protect
40	94	ordinance no as follows amending order no entitled providing for placing wires and conduits underground in
41	91	resolution no as follows resolved that the following revocable permits are hereby granted oil storage tank
42	90	motion be continued the motion carried by the following vote ayes alioto pier ammiano daly dufty
43	89	ordinance no the title of which is recited above is hereby amended to read as follows
44	88	resolution of intention no to establish set back lines along and and fixed the th day
45	88	resolution approving map of a condominium subdivision file
46	87	motion directing the clerk of the board to prepare findings reversing the determination by the planning
47	86	ordinance no entitled regulating the width of sidewalks approved december by adding thereto a new section
48	86	resolution no as follows resolved that the public interest requires that the certain following described portion
49	85	ordinance no entitled regulating the width of sidewalks by adding thereto section to change the official
50	84	resolution no as follows whereas the owners of the following described land sought to be acquired
51	84	ordinance authorizing settlement of the lawsuit filed by the city and county of san francisco against
52	83	resolution no adopted by the following vote ayes chan haney mandelman mar melgar peskin preston ronen
53	81	ordinance no entitled regulating the width of sidewalks approved december th be and is hereby amended
54	81	resolution no as follows resolved that in accordance with the recommendation of the department of public
55	81	resolution no adopted by the following vote ayes brown fewer haney mandelman mar peskin ronen safai
56	80	ordinance no passed for second reading by the following vote ayes joseph sullivan james j sullivan
57	80	resolution and ratifying and approving any action heretofore taken in connection with the project as defined
58	80	motion directing the clerk of the board to prepare findings in support of the board of
59	79	resolution no as follows resolved that the offers of sale made by the following named persons
60	77	resolution no as follows resolved that the time for hearing the appeal from the decision of
61	76	resolution no as follows resolved that the mayor be and he is hereby authorized and directed
62	76	ordinance no bill no the director of property advertised in the official newspaper that bids or
63	76	resolution no as follows resolved in accordance with the written offer on file in the office
64	76	resolution no adopted by the following vote ayes absent roll call for the introduction of measures
65	75	resolution declaring the intent of the city and county of san francisco the city to reimburse
66	74	ordinance no finally passed by the following vote ayes joseph sullivan james j sullivan zirpoli absent
67	73	resolution no as follows whereas the owner of the following described land sought to be acquired
68	73	ordinance no as follows an amendment to section of article i chapter and section of the
69	73	resolution no adopted by the following vote ayes breed cohen farrell fewer kim peskin ronen safai
70	72	motion approving the decision of the planning commission by its
71	71	resolution no adopted by the following vote ayes avalos breed campos chiu cohen farrell kim mar
72	70	resolution no as follows resolved that it is the intention of the board of ndation of
73	70	resolution no adopted by the following vote ayes absent declaring intention to order the vacation of
74	68	resolution no as follows resolved that public interest and necessity require the acquisition by the city
75	68	resolution no adopted by the following vote ayes avalos breed campos cohen farrell kim mar peskin
76	67	ordinance no entitled regulating the width of sidewalks approved december is hereby amended in accordance with
77	66	ordinance no passed for second reading by the following vote ayes absent ordering the improvement of
78	66	resolution authorizing the execution and delivery of a multifamily housing revenue note in an aggregate principal
79	64	resolution no granting permission revocable at will of the board of to erect and maintain a
80	64	resolution of intention therefore be it ordained by the people of the city and county of
81	63	motion no approving conditional use application no c on property located at and adopting findings pursuant
82	63	motion directing the clerk of the board to prepare findings relating to the board of lot
83	62	resolution no as follows resolved that the following revocable permits be and the same are hereby
84	62	resolution no as follows resolved that the offer of sale made by the following named persons
85	62	motion no ml approved final map
86	61	resolution no authorizing an expenditure of to be made out of the school construction account of
87	61	motion that the committee finds that it is in the best interest of the public that
88	61	motion disapproving the determination by the planning department that the project is categorically exempt from environmental
89	60	resolution no and whereas the
90	60	resolution no as follows resolved that the public interest requires that the certain following described portions
91	59	resolution no as follows resolved that the sum of be and the same is hereby authorized
92	58	motion affirming the determination by the planning department that the project is categorically exempt from environmental
93	57	resolution of intention no to establish set back lines along portions of and and fixed the
94	57	resolution no adopted by the following vote ayes joseph sullivan james j sullivan zirpoli absent authorizing
95	55	resolution no as follows resolved that the city and county of san francisco purchase from the
96	54	resolution no as follows resolved that the offer of sale made by the following named owner
97	54	motion conditionally disapproving the decision of the planning commission by its
98	53	resolution no authorizing an expenditure of to be made out of the sewer construction account of
99	53	resolution no as follows resolved that the city and county of san francisco accept a deed
100	52	resolution no as follows resolved that the fay improvement company is hereby granted an extension of
101	52	resolution no as follows resolved that the offer of sale made by the following named person
102	52	motion directing the clerk of the board to prepare findings relating to proposed conditional use authorization
103	51	motion directing the clerk of the board to prepare findings relating to proposed conditional use of
104	51	resolution no adopted by the following vote ayes avalos breed campos christensen cohen farrell kim mar
105	50	motion concurring in the determination of the mayor for the continued need for the declaration of
106	50	resolution approving the redevelopment agency of the city and county of san francisco s lease of
107	49	resolution no as follows resolved that the pacific gas electric company is hereby instructed to install
108	49	motion approving final map of a residential condominium project being a subdivision of lot in assessor
109	49	resolution no adopted by the following vote ayes avalos campos chiu chu cohen elsbernd farrell kim
110	47	resolution no as follows resolved that his honor the mayor be and he is hereby authorized
111	47	resolution no as follows resolved that the statements heretofore filed by the united railroads of san
112	47	resolution no as follows resolved that permission revocable at will of the board of the rights
113	47	ordinance no as follows providing for acceptance of the roadway of between and including the curbs
114	46	resolution no as follows resolved that his honor the mayor be and is hereby authorized and
115	46	resolution no in conformity with master plan adopted by the following vote ayes joseph sullivan john
116	46	resolution as defined herein and ratifying and approving any action heretofore taken in connection with the
117	45	resolution no as follows resolved that j p holland is hereby granted permission revocable at will
118	45	ordinance no approved may as follows along the westerly side of commencing at a point feet
119	45	motion approving final map of a condominium project being a resubdivision of lot in assessor s
120	45	motion adopting findings related to the appeal of the planning commission s approval of conditional use
121	45	motion no approving conditional use authorization identified as planning case no c on property located at
122	45	motion be continued to the board of the motion carried by the following vote ayes avalos
123	44	resolution no be closed and abandoned now therefore be it resolved that it be ordered and
124	44	resolution no as follows resolved that the offer of sale made by the following named owners
125	44	ordinance no the title of which is recited above is hereby amended by adding thereto the
126	44	ordinance no finally passed
127	43	resolution no authorizing an expenditure of to be made out of the general fund of the
128	43	resolution no of the board of public works adopted may and written recommendation of said board
129	42	resolution no as follows resolved that the pacific gas and electric company be and is hereby
130	42	resolution no as follows resolved that the offers of sale made by the following named owners
131	42	ordinance no finally passed by the following vote ayes absent final passage the following recommendations of
132	42	resolution no adopted by the following vote ayes fewer haney mandelman mar peskin preston ronen safai
133	42	resolution no adopted by the following vote ayes chan chen dorsey engardio fielder mahmood mandelman melgar
134	41	resolution no as follows resolved that the following revocable permits are hereby granted automobile supply station
135	41	resolution no as follows resolved that it is the intention of the board of of the
136	41	ordinance no entitled an ordinance regulating traffic upon the public streets and repealing all ordinances inconsistent
137	41	motion be tabled the motion carried by the following vote ayes alioto pier ammiano daly dufty
138	41	resolution authorizing the director of the mayor s office of housing and community development to execute
139	41	motion conditionally reversing the determination by the planning department that the proposed project at is categorically
140	40	resolution no as follows resolved that the statements heretofore filed by the railway company showing gross
141	40	ordinance no finally passed by the following vote ayes joseph sullivan john j sullivan absent accepting
142	40	motion be tabled the motion carried by the following vote ayes avalos campos chiu chu cohen
143	39	resolution no of the board of public works adopted march and written recommendation of said board
144	39	resolution no as follows resolved in accordance with the recommendation of the public utilities commission that
145	39	resolution designating those agencies qualified to participate in the annual joint for officers and employees of
146	38	ordinance no be it ordained by the people of the city and county of san francisco
147	38	resolution no of the board of public works adopted august and written recommendation of said board
148	38	ordinance no entitled regulating the width of sidewalks approved december is be and is hereby amended
149	38	ordinance no as follows establishing set back lines along portions of be it ordained by the
150	38	ordinance no the title of which is above recited is hereby amended as follows sections and
151	38	resolution no code no be closed and abandoned now therefore be it resolved that it be
152	38	resolution determining that the issuance of a type on sale beer and wine public premises license
153	38	resolution no adopted by the following vote ayes chan dorsey mandelman mar melgar peskin preston ronen
154	38	resolution no adopted by the following vote ayes chan chen dorsey fielder mahmood mandelman melgar sauter
155	37	ordinance no setback lines are hereby established as follows along the easterly side of commencing at
156	37	motion approving final map a six residential unit condominium project located at being a subdivision of
157	36	resolution no adopted by the following vote ayes joseph sullivan john j sullivan absent authorizing purchase
158	36	resolution no adopted by the following vote ayes ammiano becerril bierman brown katz kaufman leno newsom
159	36	motion no m approved final map
160	36	motion be tabled the motion carried by the following vote ayes breed cohen farrell fewer kim
161	36	resolution approving and authorizing the director of the mayor s office of housing and community development
162	36	motion no m approved the foregoing items were acted upon by the following vote ayes chan
163	35	resolution no of the board of public works adopted june and written recommendation of said board
164	35	resolution no as follows resolved that in accordance with the recommendation of the board of public
165	35	resolution no as follows resolved in accordance with the recommendation of the park department that the
166	35	ordinance no passed for second reading by the following vote ayes absent adopted the following recommendations
167	35	resolution approving report of assessment costs submitted by the director of public works for sidewalk and
168	35	resolution authorizing the acquisition of a temporary construction license at the real property commonly known as
169	35	resolution no adopted by the following vote ayes brown cohen fewer kim mandelman peskin ronen safai
170	34	resolution no authorizing an expenditure of to be made out of the fire protection account of
171	34	resolution no of the board of public works adopted july and written recommendation of said board
172	34	resolution no of the board of public works adopted january and written recommendation of said board
173	34	resolution no as follows resolved by the board of ted in the city and county of
174	34	ordinance no the director of property advertised in the official newspaper that bids or offers would
175	34	to
176	33	resolution no as follows resolved that the following sums be and the same are hereby set
177	33	resolution no as follows resolved that permission revocable at will of the board of to maintain
178	33	ordinance no as follows be it ordained by the people of the city and county of
179	33	resolution no as follows whereas the owner of the following described land situated in the city
180	33	resolution no southeast corner of and
181	33	ordinance no as follows authorizing a supplemental appropriation of out of the surplus existing in the
182	33	ordinance no finally passed by the following vote ayes absent accepting the roadway and curbs of
183	33	resolution approving the expenditure of funds for the emergency work to replace the structurally inadequate sewer
184	33	motion adopting findings in support of the board of
185	33	motion affirming the determination by the planning department that the proposed project at is categorically exempt
186	33	resolution authorizing the extension of the permit for the observation wheel in golden gate park file
187	32	resolution no as follows resolved that the board of public works be and is hereby authorized
188	32	ordinance no be and is hereby granted to the following named to maintain stables at the
189	32	resolution no as follows whereas the city engineer has recommended the purchase by the city and
190	32	resolution no code no and whereas the
191	32	resolution no adopted by the following vote ayes absent roll call for introduction of measures and
192	32	motion approving final map of a residential condominium project being a subdivision of lot assessor s
193	32	motion be continued to the board of the motion carried by the following vote ayes breed
194	31	resolution no of the board of public works adopted september and written recommendation of said board
195	31	ordinance no as follows appropriating the sum of out of the surplus existing in the unappropriated
196	31	ordinance no passed for second reading by the following vote ayes absent accepting the roadway and
197	31	resolution authorizing director of public works and clean water program to take necessary measures to protect
198	31	resolution determining that the transfer of a type on sale general public premises license from to
199	31	ordinance no finally passed city and county of san francisco page printed at pm on
200	31	resolution no adopted by the following vote ayes breed cohen fewer kim peskin ronen safai sheehy
201	30	resolution no granting permission revocable at will of the board of for the purpose of storing
202	30	resolution no authorizing an expenditure of to be made out of the hospital construction account of
203	30	resolution no of the board of public works adopted october and written recommendation of said board
204	30	resolution no of the board of public works adopted november and written recommendation of said board
205	30	resolution no of the board of public works adopted december and written recommendation of said board
206	30	resolution no of the board of public works adopted february and written recommendation of said board
207	30	resolution no as follows resolved that the following amounts be and they are hereby authorized to
208	30	ordinance no the title of which is above recited is hereby amended as follows that section
209	30	resolution no as follows whereas the owners of the following described land situated in the city
210	30	motion approving final map of a live work condominium project being a subdivision of lot in
211	30	motion approving final map a unit residential condominium project located at being a subdivision of lot
212	30	motion be tabled the motion carried by the following vote ayes fewer haney mandelman mar peskin
213	29	resolution no granting permission revocable at will of the board of the same to be used
214	29	ordinance no entitled changing and re establishing the official grades on between the northerly line of
215	29	ordinance no entitled changing and re establishing the official grades on between and a line parallel
216	29	resolution adopting final negative declaration finding and determining that reclassification of property at will have no
217	29	resolution no adopted final map
218	29	resolution no adopted
219	29	motion no m approved city and county of san francisco page printed at pm on
220	28	ordinance no entitled changing and re establishing the official grades on between the westerly line of
221	28	resolution no as follows resolved that the following revocable permits are hereby granted oil storage tanks
222	28	ordinance of of said city and county and does hereby set out the district benefited by
223	28	resolution no adopted by the following vote ayes roll call for the introduction of measures and
224	28	motion approving final map of a condominium project being a resubdi vi si on of lot
225	28	resolution no as follows resolved that there is hereby set aside appropriated and authorized to be
226	28	resolution authorizing the issuance and delivery of multifamily housing revenue bonds in an aggregate principal amount
227	28	ordinance amending the san francisco planning code by amending the zoning map of the city and
228	28	motion approving final map a unit mixed use condominium project located at being a subdivision of
229	28	motion approving final map a residential unit and commercial unit mixed use condominium project located at
230	28	motion approving final map of a live work condominium project being a subdivision of lot assessor
231	28	motion affirming the determination by the planning department that a proposed project at is exempt from
232	27	resolution no granting permission revocable at will of the board of to erect and maintain an
233	27	resolution no as follows resolved that public interest and necessity and use require the acquisition by
234	27	ordinance on motion of
235	27	ordinance no bill no the director of property advertised in the official newspaper that bids would
236	27	resolution of intention these proceedings are instituted in accordance with the change of grade act of
237	27	ordinance no passed for second reading by the following vote ayes absent appropriating public works from
238	27	resolution authorizing the mayor s office of housing and community development on behalf of the city
239	26	resolution no authorizing the following expenditures to be made out of the sewer construction account of
240	26	ordinance no to the following named to maintain stables at the hereinafter described locations to wit
241	26	resolution no as follows resolved that eaton smith are hereby granted permission revocable at will of
242	26	resolution no as follows resolved that the appeal of property owners from the assessment issued by
243	26	resolution no as follows resolved that the following named are hereby granted permits to hold masquerade
244	26	resolution no as follows whereas the following owners of the following described land sought to be
245	26	ordinance no of the board of ly as though the same were written in this ordinance
246	26	ordinance no as follows calling and providing for a special election to be held in the
247	26	resolution no as follows resolved in accordance with the recommendation of the recreation department that the
248	26	ordinance no as follows authorizing sale of lot in assessor s block be it ordained by
249	26	resolution no as follows resolved that the public interest requires and that it is the intention
250	26	resolution no as follows resolved that pursuant to the provisions of the vehicle code of the
251	26	ordinance no finally passed by the following vote ayes absent appropriating public works from improvement fund
252	26	motion approving final map of a condominium subdivision department of public works file adopted by the
253	26	resolution confirming report of delinquent real property transfer tax under business and tax regulations code section
254	26	resolution determining that the transfer of a type off sale general beer wine and distilled spirits
255	25	ordinance no as follows ordering the preparation of plans and specifications for and the construction of
256	25	resolution no declare its intention to change and reestablish the grades on between and a line
257	25	ordinance no finally passed by the following vote ayes joseph sullivan john j sullivan absent appropriating
258	25	ordinance no finally passed by the following vote ayes joseph sullivan john j sullivan absent ordering
259	25	ordinance chapter of the san francisco administrative code or to report a violation of the ordinance
260	25	resolution no adopted by the following vote ayes ammiano daly gonzalez hall leno maxwell mcgoldrick newsom
261	25	motion be continued to the board of the motion carried by the following vote ayes brown
262	24	ordinance no entitled regulating the width of sidewalks approved december th by adding thereto a new
263	24	resolution no this board did declare that the damages costs and expenses of closing said portion
264	24	resolution no as follows resolved that city construction company is hereby granted an extension of ninety
265	24	resolution no as follows resolved that the following revocable permits be and are hereby granted boilers
266	24	resolution no adopted by the following vote ayes joseph sullivan john j sullivan absent passage for
267	24	resolution determining that the transfer of a type off sale general alcoholic beverage control license from
268	24	resolution concurring with the controller s certification that services previously approved can be performed by private
269	24	motion be tabled the motion carried by the following vote ayes brown fewer haney mandelman mar
270	23	resolution no as follows resolved that an expenditure of be and the same is hereby authorized
271	23	resolution no as follows resolved that the board of public works is hereby directed to recommend
272	23	resolution no as follows resolved that the appeal of property owners from the action and decision
273	23	resolution no as follows resolved that the offer of sale made by the following named company
274	23	ordinance no the title of which is recited above are hereby amended to read as follows
275	23	ordinance be and the same is hereby changed so as the following described property in the
276	23	ordinance no finally passed by the following vote ayes absent final passage the following recommendation of
277	23	resolution determining that the transfer of a type off sale beer and wine alcoholic beverage control
278	23	from to
279	23	motion be continued the motion carried by the following vote ayes alioto pier ammiano chu daly
280	23	resolution approving an agreement with the nonprofit owners association for administration management of the established property
281	23	motion disapproving the decision of the planning commission by its
282	23	hearing appeal of determination of exemption from environmental review proposed project hearing of persons interested in
283	22	resolution no authorizing the following expenditures to be made out of the fire protection account of
284	22	ordinance no entitled changing and re establishing the official grades on between the easterly line of
285	22	resolution no as follows resolved that flinn treacy are hereby granted permission revocable at will of
286	22	ordinance no as follows ordering the performance of the work to be done in the city
287	22	ordinance no as follows establishing grades on between and a line parallel with and feet southerly
288	22	resolution no as follows resolved that the statement heretofore filed by the railway company showing gross
289	22	resolution no code no which resolution was presented to his honor the mayor for his approval
290	22	motion directing the clerk of the board to transmit to the city planning commission for hearing
291	22	motion affirming the certification by the planning commission of the final environmental impact report for the
292	22	motion directing the clerk of the board to prepare findings reversing the planning commission adoption of
293	22	motion directing the clerk of the board to prepare findings reversing the exemption determination by the
294	22	resolution approving report of assessment costs submitted by the director of public works for inspection and
295	22	ordinance authorizing the execution and delivery of certificates of participation in one or more series on
296	22	resolution approving and authorizing the director of property on behalf of the department of public health
297	21	resolution no as follows resolved that the pacific telephone and telegraph company be and is hereby
298	21	ordinance no as follows changing and re establishing the official grades on between and a line
299	21	resolution no of the board of public works adopted april and written recommendation of said board
300	21	resolution no as follows resolved by the board of d in the city and county of
